id,type,type_id
tm19608,MOVIE,1
tm16479,MOVIE,1
tm204541,MOVIE,1
tm135083,MOVIE,1
tm44204,MOVIE,1
tm10204,MOVIE,1
tm27298,MOVIE,1
tm185072,MOVIE,1
tm71909,MOVIE,1
tm67378,MOVIE,1
tm119281,MOVIE,1
ts22164,SHOW,2
tm75975,MOVIE,1
tm14873,MOVIE,1
tm156453,MOVIE,1
tm139885,MOVIE,1
tm190788,MOVIE,1
tm107372,MOVIE,1
tm127384,MOVIE,1
ts25028,SHOW,2
tm90896,MOVIE,1
tm84618,MOVIE,1
tm14350,MOVIE,1
tm70993,MOVIE,1
tm100027,MOVIE,1
tm69997,MOVIE,1
tm69778,MOVIE,1
tm98978,MOVIE,1
tm94651,MOVIE,1
tm96649,MOVIE,1
ts987,SHOW,2
tm130586,MOVIE,1
ts22082,SHOW,2
tm41289,MOVIE,1
tm47673,MOVIE,1
tm62924,MOVIE,1
tm52274,MOVIE,1
tm54450,MOVIE,1
ts21715,SHOW,2
tm2386,MOVIE,1
tm180542,MOVIE,1
tm126769,MOVIE,1
tm258072,MOVIE,1
tm114356,MOVIE,1
tm117580,MOVIE,1
tm111075,MOVIE,1
tm119776,MOVIE,1
tm20712,MOVIE,1
tm22327,MOVIE,1
tm24110,MOVIE,1
ts63001,SHOW,2
tm40103,MOVIE,1
tm55091,MOVIE,1
tm51083,MOVIE,1
tm38736,MOVIE,1
ts23753,SHOW,2
ts20678,SHOW,2
tm446654,MOVIE,1
tm132694,MOVIE,1
tm137013,MOVIE,1
tm138875,MOVIE,1
ts20681,SHOW,2
tm159912,MOVIE,1
tm145608,MOVIE,1
tm157603,MOVIE,1
tm157853,MOVIE,1
tm151332,MOVIE,1
tm155792,MOVIE,1
tm147829,MOVIE,1
tm7032,MOVIE,1
tm7073,MOVIE,1
tm6859,MOVIE,1
tm7810,MOVIE,1
tm8446,MOVIE,1
tm424630,MOVIE,1
tm121879,MOVIE,1
ts20960,SHOW,2
ts20927,SHOW,2
tm204173,MOVIE,1
tm186589,MOVIE,1
tm184326,MOVIE,1
tm184205,MOVIE,1
tm189433,MOVIE,1
tm190811,MOVIE,1
tm256669,MOVIE,1
tm187791,MOVIE,1
tm187187,MOVIE,1
tm189764,MOVIE,1
tm188606,MOVIE,1
tm189171,MOVIE,1
tm190486,MOVIE,1
ts21684,SHOW,2
ts22193,SHOW,2
ts21693,SHOW,2
tm118438,MOVIE,1
tm122434,MOVIE,1
tm117873,MOVIE,1
tm184502,MOVIE,1
tm113576,MOVIE,1
tm117840,MOVIE,1
tm117488,MOVIE,1
tm118256,MOVIE,1
ts22489,SHOW,2
ts20983,SHOW,2
tm12876,MOVIE,1
tm9323,MOVIE,1
tm314602,MOVIE,1
tm10811,MOVIE,1
tm10739,MOVIE,1
tm12499,MOVIE,1
tm8859,MOVIE,1
tm11556,MOVIE,1
tm12482,MOVIE,1
ts20939,SHOW,2
tm110766,MOVIE,1
tm106462,MOVIE,1
tm107659,MOVIE,1
ts22176,SHOW,2
tm191387,MOVIE,1
tm191848,MOVIE,1
tm191989,MOVIE,1
tm191431,MOVIE,1
tm192405,MOVIE,1
tm191374,MOVIE,1
tm191614,MOVIE,1
tm191772,MOVIE,1
tm192199,MOVIE,1
tm192037,MOVIE,1
tm55553,MOVIE,1
tm48430,MOVIE,1
tm46173,MOVIE,1
tm57554,MOVIE,1
tm65686,MOVIE,1
tm173551,MOVIE,1
tm128925,MOVIE,1
tm56574,MOVIE,1
tm55732,MOVIE,1
tm110225,MOVIE,1
tm189773,MOVIE,1
tm110160,MOVIE,1
tm9898,MOVIE,1
tm61103,MOVIE,1
ts8570,SHOW,2
tm53419,MOVIE,1
tm47530,MOVIE,1
tm188970,MOVIE,1
tm358653,MOVIE,1
tm52083,MOVIE,1
tm56033,MOVIE,1
tm125985,MOVIE,1
tm49037,MOVIE,1
tm21596,MOVIE,1
tm17721,MOVIE,1
tm55100,MOVIE,1
tm58893,MOVIE,1
ts21223,SHOW,2
tm43399,MOVIE,1
tm200475,MOVIE,1
tm190835,MOVIE,1
tm449775,MOVIE,1
tm259855,MOVIE,1
tm259684,MOVIE,1
tm105716,MOVIE,1
tm44402,MOVIE,1
tm67635,MOVIE,1
ts22039,SHOW,2
tm63514,MOVIE,1
ts5145,SHOW,2
tm348735,MOVIE,1
tm47523,MOVIE,1
tm137143,MOVIE,1
tm14491,MOVIE,1
tm19673,MOVIE,1
tm119111,MOVIE,1
tm89386,MOVIE,1
tm19494,MOVIE,1
tm340430,MOVIE,1
tm54903,MOVIE,1
tm34310,MOVIE,1
ts58175,SHOW,2
tm44776,MOVIE,1
ts20918,SHOW,2
ts45948,SHOW,2
tm62176,MOVIE,1
tm52815,MOVIE,1
tm52871,MOVIE,1
ts34435,SHOW,2
ts22080,SHOW,2
tm133914,MOVIE,1
tm24877,MOVIE,1
tm62385,MOVIE,1
tm48083,MOVIE,1
ts18010,SHOW,2
tm35463,MOVIE,1
tm41525,MOVIE,1
ts22286,SHOW,2
tm27601,MOVIE,1
ts11397,SHOW,2
tm336403,MOVIE,1
tm42397,MOVIE,1
ts19036,SHOW,2
tm344089,MOVIE,1
ts21567,SHOW,2
ts20981,SHOW,2
tm371359,MOVIE,1
tm311264,MOVIE,1
tm203186,MOVIE,1
tm114476,MOVIE,1
tm46436,MOVIE,1
ts21581,SHOW,2
tm25389,MOVIE,1
tm36475,MOVIE,1
tm21911,MOVIE,1
tm118637,MOVIE,1
tm44486,MOVIE,1
tm111600,MOVIE,1
tm105329,MOVIE,1
tm152839,MOVIE,1
ts85138,SHOW,2
tm334788,MOVIE,1
tm57190,MOVIE,1
tm356209,MOVIE,1
tm51493,MOVIE,1
ts20398,SHOW,2
tm110923,MOVIE,1
tm55303,MOVIE,1
tm58382,MOVIE,1
ts24028,SHOW,2
tm192301,MOVIE,1
ts67595,SHOW,2
ts21664,SHOW,2
tm145593,MOVIE,1
tm326102,MOVIE,1
tm57169,MOVIE,1
ts28516,SHOW,2
ts21034,SHOW,2
ts22267,SHOW,2
tm61056,MOVIE,1
ts31263,SHOW,2
tm7951,MOVIE,1
tm42831,MOVIE,1
tm109304,MOVIE,1
tm342996,MOVIE,1
tm44634,MOVIE,1
tm21953,MOVIE,1
tm148379,MOVIE,1
tm112235,MOVIE,1
tm133767,MOVIE,1
tm137342,MOVIE,1
tm66466,MOVIE,1
tm102287,MOVIE,1
tm111226,MOVIE,1
tm139658,MOVIE,1
tm114504,MOVIE,1
ts20358,SHOW,2
tm49405,MOVIE,1
tm116324,MOVIE,1
tm96595,MOVIE,1
tm137362,MOVIE,1
tm142086,MOVIE,1
tm112381,MOVIE,1
tm150214,MOVIE,1
ts2760,SHOW,2
tm81461,MOVIE,1
ts75002,SHOW,2
tm81270,MOVIE,1
tm148270,MOVIE,1
tm230524,MOVIE,1
ts56549,SHOW,2
tm136808,MOVIE,1
tm136308,MOVIE,1
ts57705,SHOW,2
tm141707,MOVIE,1
tm141117,MOVIE,1
tm144345,MOVIE,1
tm88366,MOVIE,1
tm254052,MOVIE,1
ts17942,SHOW,2
ts204466,SHOW,2
tm88382,MOVIE,1
tm411457,MOVIE,1
tm89592,MOVIE,1
tm24088,MOVIE,1
tm134140,MOVIE,1
tm89684,MOVIE,1
tm82985,MOVIE,1
ts22337,SHOW,2
tm429382,MOVIE,1
tm148671,MOVIE,1
tm37546,MOVIE,1
tm89036,MOVIE,1
tm105278,MOVIE,1
tm82765,MOVIE,1
ts17156,SHOW,2
ts32186,SHOW,2
tm129763,MOVIE,1
tm160815,MOVIE,1
tm87672,MOVIE,1
tm177068,MOVIE,1
tm167516,MOVIE,1
tm130301,MOVIE,1
tm79895,MOVIE,1
tm88738,MOVIE,1
tm135795,MOVIE,1
tm419052,MOVIE,1
tm39030,MOVIE,1
tm93004,MOVIE,1
tm82718,MOVIE,1
tm27268,MOVIE,1
tm86995,MOVIE,1
ts20339,SHOW,2
ts26091,SHOW,2
ts687,SHOW,2
ts2230,SHOW,2
tm159310,MOVIE,1
tm39487,MOVIE,1
tm138902,MOVIE,1
tm176528,MOVIE,1
tm165593,MOVIE,1
tm86051,MOVIE,1
tm712151,MOVIE,1
tm160800,MOVIE,1
tm161263,MOVIE,1
tm89936,MOVIE,1
tm172683,MOVIE,1
tm85689,MOVIE,1
ts20305,SHOW,2
tm23935,MOVIE,1
ts21469,SHOW,2
tm21467,MOVIE,1
tm170169,MOVIE,1
tm31189,MOVIE,1
ts3371,SHOW,2
ts12701,SHOW,2
ts35201,SHOW,2
tm368679,MOVIE,1
tm22540,MOVIE,1
tm89012,MOVIE,1
tm26638,MOVIE,1
tm91125,MOVIE,1
tm96052,MOVIE,1
tm88343,MOVIE,1
tm169949,MOVIE,1
tm22636,MOVIE,1
tm84613,MOVIE,1
tm184913,MOVIE,1
tm153284,MOVIE,1
tm29555,MOVIE,1
tm154470,MOVIE,1
tm164557,MOVIE,1
tm85243,MOVIE,1
tm79442,MOVIE,1
tm23977,MOVIE,1
tm160596,MOVIE,1
tm278681,MOVIE,1
tm29269,MOVIE,1
tm23441,MOVIE,1
tm32919,MOVIE,1
tm164591,MOVIE,1
tm164389,MOVIE,1
ts6495,SHOW,2
tm86189,MOVIE,1
tm82442,MOVIE,1
tm169719,MOVIE,1
tm22342,MOVIE,1
tm176297,MOVIE,1
tm166293,MOVIE,1
ts63295,SHOW,2
ts21465,SHOW,2
tm32885,MOVIE,1
tm30170,MOVIE,1
tm29737,MOVIE,1
tm29731,MOVIE,1
tm78592,MOVIE,1
tm31187,MOVIE,1
tm252951,MOVIE,1
tm175687,MOVIE,1
tm36644,MOVIE,1
tm168921,MOVIE,1
tm39557,MOVIE,1
tm89764,MOVIE,1
tm120609,MOVIE,1
tm165809,MOVIE,1
tm80339,MOVIE,1
tm33729,MOVIE,1
tm77649,MOVIE,1
tm254745,MOVIE,1
tm40009,MOVIE,1
tm33981,MOVIE,1
tm70222,MOVIE,1
tm173624,MOVIE,1
tm168869,MOVIE,1
tm28905,MOVIE,1
tm41508,MOVIE,1
tm84906,MOVIE,1
ts20573,SHOW,2
ts21421,SHOW,2
tm183963,MOVIE,1
tm83175,MOVIE,1
tm311516,MOVIE,1
ts21706,SHOW,2
tm25842,MOVIE,1
tm170873,MOVIE,1
tm23077,MOVIE,1
ts12724,SHOW,2
tm226362,MOVIE,1
tm72587,MOVIE,1
tm64817,MOVIE,1
ts20604,SHOW,2
tm141390,MOVIE,1
tm76066,MOVIE,1
tm36188,MOVIE,1
tm78767,MOVIE,1
tm183547,MOVIE,1
tm68191,MOVIE,1
ts55720,SHOW,2
tm22294,MOVIE,1
tm346951,MOVIE,1
tm177687,MOVIE,1
ts29199,SHOW,2
tm78790,MOVIE,1
tm178712,MOVIE,1
tm71119,MOVIE,1
tm33545,MOVIE,1
tm455636,MOVIE,1
tm77348,MOVIE,1
tm21956,MOVIE,1
tm30289,MOVIE,1
tm172482,MOVIE,1
tm77863,MOVIE,1
tm199700,MOVIE,1
tm178323,MOVIE,1
tm84316,MOVIE,1
tm22989,MOVIE,1
ts20544,SHOW,2
tm84371,MOVIE,1
tm74780,MOVIE,1
tm26897,MOVIE,1
tm78067,MOVIE,1
tm233317,MOVIE,1
tm150260,MOVIE,1
tm22558,MOVIE,1
tm161029,MOVIE,1
tm22493,MOVIE,1
ts55939,SHOW,2
ts11313,SHOW,2
tm133374,MOVIE,1
tm25029,MOVIE,1
tm129971,MOVIE,1
tm87484,MOVIE,1
tm109137,MOVIE,1
tm78671,MOVIE,1
ts4,SHOW,2
ts13411,SHOW,2
ts86169,SHOW,2
tm80455,MOVIE,1
tm21155,MOVIE,1
tm85563,MOVIE,1
tm81864,MOVIE,1
tm184224,MOVIE,1
tm64729,MOVIE,1
tm104933,MOVIE,1
ts35155,SHOW,2
tm192431,MOVIE,1
ts18465,SHOW,2
tm44530,MOVIE,1
ts22018,SHOW,2
tm176356,MOVIE,1
tm85369,MOVIE,1
ts33559,SHOW,2
ts52849,SHOW,2
tm83786,MOVIE,1
tm241875,MOVIE,1
tm154187,MOVIE,1
tm80059,MOVIE,1
tm76399,MOVIE,1
tm456513,MOVIE,1
ts12787,SHOW,2
tm681578,MOVIE,1
tm838765,MOVIE,1
tm466255,MOVIE,1
tm822907,MOVIE,1
tm467735,MOVIE,1
ts20526,SHOW,2
tm123789,MOVIE,1
ts89331,SHOW,2
tm466850,MOVIE,1
ts89326,SHOW,2
tm681614,MOVIE,1
tm884616,MOVIE,1
ts190462,SHOW,2
tm994923,MOVIE,1
tm460149,MOVIE,1
tm474405,MOVIE,1
ts89231,SHOW,2
ts89259,SHOW,2
tm893816,MOVIE,1
ts188861,SHOW,2
ts89895,SHOW,2
tm469400,MOVIE,1
ts90234,SHOW,2
ts89347,SHOW,2
tm467299,MOVIE,1
tm464435,MOVIE,1
ts191698,SHOW,2
ts89832,SHOW,2
tm679284,MOVIE,1
ts235758,SHOW,2
ts190452,SHOW,2
tm462809,MOVIE,1
ts189422,SHOW,2
ts223344,SHOW,2
tm810642,MOVIE,1
tm464284,MOVIE,1
tm469966,MOVIE,1
tm461349,MOVIE,1
tm684591,MOVIE,1
tm679270,MOVIE,1
tm848261,MOVIE,1
tm857461,MOVIE,1
ts189314,SHOW,2
ts192297,SHOW,2
tm467955,MOVIE,1
tm468824,MOVIE,1
ts89330,SHOW,2
tm838705,MOVIE,1
ts192440,SHOW,2
tm925218,MOVIE,1
tm475430,MOVIE,1
ts191285,SHOW,2
tm1001095,MOVIE,1
ts225651,SHOW,2
tm841825,MOVIE,1
tm981475,MOVIE,1
tm27275,MOVIE,1
ts188840,SHOW,2
ts42014,SHOW,2
tm1020073,MOVIE,1
tm466854,MOVIE,1
tm466832,MOVIE,1
tm469025,MOVIE,1
tm45720,MOVIE,1
ts192196,SHOW,2
ts89740,SHOW,2
ts42432,SHOW,2
ts187443,SHOW,2
tm467467,MOVIE,1
ts287438,SHOW,2
tm855340,MOVIE,1
tm683841,MOVIE,1
tm678022,MOVIE,1
ts85568,SHOW,2
tm1098060,MOVIE,1
tm33067,MOVIE,1
tm678035,MOVIE,1
tm883189,MOVIE,1
ts90023,SHOW,2
ts288350,SHOW,2
ts90980,SHOW,2
tm675820,MOVIE,1
tm166321,MOVIE,1
tm857051,MOVIE,1
ts91087,SHOW,2
tm840723,MOVIE,1
tm469193,MOVIE,1
tm827508,MOVIE,1
tm216753,MOVIE,1
ts87884,SHOW,2
ts90093,SHOW,2
tm468651,MOVIE,1
ts187541,SHOW,2
ts221891,SHOW,2
tm362072,MOVIE,1
tm933826,MOVIE,1
tm921416,MOVIE,1
tm886214,MOVIE,1
tm854786,MOVIE,1
tm1038327,MOVIE,1
ts311985,SHOW,2
tm940566,MOVIE,1
ts188367,SHOW,2
tm677904,MOVIE,1
ts191121,SHOW,2
tm474721,MOVIE,1
ts90511,SHOW,2
ts90995,SHOW,2
tm474618,MOVIE,1
tm473813,MOVIE,1
ts189405,SHOW,2
ts185885,SHOW,2
tm60292,MOVIE,1
tm65839,MOVIE,1
tm73058,MOVIE,1
ts90902,SHOW,2
tm472411,MOVIE,1
ts90063,SHOW,2
ts187386,SHOW,2
tm916997,MOVIE,1
tm674494,MOVIE,1
tm676905,MOVIE,1
ts90466,SHOW,2
tm674099,MOVIE,1
tm675171,MOVIE,1
tm472231,MOVIE,1
tm674063,MOVIE,1
ts235655,SHOW,2
tm886193,MOVIE,1
ts187070,SHOW,2
tm676311,MOVIE,1
tm856375,MOVIE,1
tm1023388,MOVIE,1
tm470252,MOVIE,1
ts188991,SHOW,2
ts90640,SHOW,2
tm674135,MOVIE,1
tm673809,MOVIE,1
tm678851,MOVIE,1
tm885775,MOVIE,1
tm826563,MOVIE,1
tm675214,MOVIE,1
ts88821,SHOW,2
tm670553,MOVIE,1
tm884581,MOVIE,1
tm863823,MOVIE,1
ts3666,SHOW,2
ts58155,SHOW,2
tm813372,MOVIE,1
ts88352,SHOW,2
tm814150,MOVIE,1
tm507191,MOVIE,1
ts214463,SHOW,2
ts214462,SHOW,2
tm474496,MOVIE,1
tm851912,MOVIE,1
ts91039,SHOW,2
tm1167440,MOVIE,1
tm813695,MOVIE,1
tm813078,MOVIE,1
ts214192,SHOW,2
ts214280,SHOW,2
tm813634,MOVIE,1
tm834715,MOVIE,1
ts89679,SHOW,2
ts213232,SHOW,2
tm65142,MOVIE,1
tm475836,MOVIE,1
tm813936,MOVIE,1
ts103209,SHOW,2
tm813938,MOVIE,1
tm475783,MOVIE,1
tm95252,MOVIE,1
tm813929,MOVIE,1
ts214579,SHOW,2
ts296153,SHOW,2
tm983730,MOVIE,1
ts213820,SHOW,2
tm920096,MOVIE,1
ts90696,SHOW,2
tm813423,MOVIE,1
tm810423,MOVIE,1
tm812916,MOVIE,1
ts213544,SHOW,2
tm813075,MOVIE,1
tm1038344,MOVIE,1
ts225716,SHOW,2
tm812998,MOVIE,1
tm812593,MOVIE,1
tm146887,MOVIE,1
ts254656,SHOW,2
tm812781,MOVIE,1
tm812783,MOVIE,1
ts213611,SHOW,2
tm811954,MOVIE,1
ts85515,SHOW,2
tm815438,MOVIE,1
ts215166,SHOW,2
tm983270,MOVIE,1
tm360618,MOVIE,1
tm59428,MOVIE,1
tm893799,MOVIE,1
ts87599,SHOW,2
ts215178,SHOW,2
ts252505,SHOW,2
ts216493,SHOW,2
tm816038,MOVIE,1
tm31564,MOVIE,1
ts76793,SHOW,2
ts215012,SHOW,2
tm993435,MOVIE,1
ts215046,SHOW,2
tm811971,MOVIE,1
tm815509,MOVIE,1
ts214861,SHOW,2
ts215037,SHOW,2
ts254568,SHOW,2
tm816983,MOVIE,1
tm816992,MOVIE,1
tm814894,MOVIE,1
tm821143,MOVIE,1
tm817075,MOVIE,1
tm816591,MOVIE,1
ts215378,SHOW,2
tm816593,MOVIE,1
tm819950,MOVIE,1
tm1031016,MOVIE,1
tm818266,MOVIE,1
tm1002815,MOVIE,1
tm818154,MOVIE,1
ts215869,SHOW,2
ts215862,SHOW,2
tm454824,MOVIE,1
tm453862,MOVIE,1
tm818239,MOVIE,1
tm832916,MOVIE,1
tm814953,MOVIE,1
tm836674,MOVIE,1
ts215989,SHOW,2
ts216513,SHOW,2
tm935388,MOVIE,1
ts246178,SHOW,2
tm1113921,MOVIE,1
tm819641,MOVIE,1
ts216474,SHOW,2
ts216407,SHOW,2
tm819054,MOVIE,1
ts215683,SHOW,2
tm819841,MOVIE,1
tm819497,MOVIE,1
tm817542,MOVIE,1
ts215951,SHOW,2
tm819107,MOVIE,1
tm819016,MOVIE,1
ts215691,SHOW,2
tm834291,MOVIE,1
tm833638,MOVIE,1
tm817284,MOVIE,1
ts216744,SHOW,2
ts27459,SHOW,2
tm33113,MOVIE,1
tm974366,MOVIE,1
tm821662,MOVIE,1
ts237722,SHOW,2
tm821789,MOVIE,1
ts217045,SHOW,2
ts282155,SHOW,2
ts217050,SHOW,2
tm820190,MOVIE,1
tm938227,MOVIE,1
tm935895,MOVIE,1
ts89656,SHOW,2
tm38896,MOVIE,1
ts288489,SHOW,2
tm822099,MOVIE,1
tm822167,MOVIE,1
ts217231,SHOW,2
tm822210,MOVIE,1
tm822246,MOVIE,1
tm822271,MOVIE,1
tm822272,MOVIE,1
tm908529,MOVIE,1
ts41961,SHOW,2
ts217356,SHOW,2
ts217389,SHOW,2
tm823488,MOVIE,1
tm822502,MOVIE,1
ts85822,SHOW,2
tm856634,MOVIE,1
tm822596,MOVIE,1
tm821164,MOVIE,1
tm1147890,MOVIE,1
ts223308,SHOW,2
tm898474,MOVIE,1
tm860261,MOVIE,1
ts89291,SHOW,2
ts218569,SHOW,2
ts218564,SHOW,2
tm827168,MOVIE,1
tm847998,MOVIE,1
ts90356,SHOW,2
ts218500,SHOW,2
ts218504,SHOW,2
ts271726,SHOW,2
ts218000,SHOW,2
tm825934,MOVIE,1
tm825952,MOVIE,1
tm1075215,MOVIE,1
tm825714,MOVIE,1
ts217719,SHOW,2
ts218367,SHOW,2
tm840196,MOVIE,1
tm894619,MOVIE,1
ts218277,SHOW,2
ts218307,SHOW,2
tm24576,MOVIE,1
ts218176,SHOW,2
tm948128,MOVIE,1
tm832903,MOVIE,1
tm898614,MOVIE,1
ts256853,SHOW,2
tm825210,MOVIE,1
tm983658,MOVIE,1
ts37200,SHOW,2
tm825102,MOVIE,1
ts90095,SHOW,2
tm1093099,MOVIE,1
ts218776,SHOW,2
tm827304,MOVIE,1
tm1020820,MOVIE,1
tm835869,MOVIE,1
ts219895,SHOW,2
tm929630,MOVIE,1
tm47325,MOVIE,1
tm830151,MOVIE,1
tm39896,MOVIE,1
tm824566,MOVIE,1
ts218802,SHOW,2
ts219660,SHOW,2
tm933639,MOVIE,1
tm977478,MOVIE,1
ts21979,SHOW,2
tm931436,MOVIE,1
ts213071,SHOW,2
tm827142,MOVIE,1
ts219561,SHOW,2
ts80959,SHOW,2
ts279892,SHOW,2
tm843938,MOVIE,1
tm827648,MOVIE,1
ts219423,SHOW,2
ts219422,SHOW,2
tm828570,MOVIE,1
ts296472,SHOW,2
ts252758,SHOW,2
tm160361,MOVIE,1
ts219162,SHOW,2
ts289334,SHOW,2
tm1042481,MOVIE,1
tm830833,MOVIE,1
tm832843,MOVIE,1
tm827216,MOVIE,1
tm832844,MOVIE,1
tm919106,MOVIE,1
tm827640,MOVIE,1
tm832684,MOVIE,1
tm820338,MOVIE,1
ts220751,SHOW,2
ts219101,SHOW,2
tm832463,MOVIE,1
tm824559,MOVIE,1
tm832345,MOVIE,1
tm832289,MOVIE,1
tm824560,MOVIE,1
tm918706,MOVIE,1
ts256007,SHOW,2
ts300391,SHOW,2
ts220553,SHOW,2
ts223084,SHOW,2
ts220552,SHOW,2
tm993838,MOVIE,1
tm29028,MOVIE,1
tm831934,MOVIE,1
tm932609,MOVIE,1
tm831873,MOVIE,1
tm828317,MOVIE,1
ts220196,SHOW,2
ts220305,SHOW,2
ts287836,SHOW,2
ts221851,SHOW,2
tm31335,MOVIE,1
ts225657,SHOW,2
tm828326,MOVIE,1
tm833361,MOVIE,1
tm836501,MOVIE,1
tm849323,MOVIE,1
ts236182,SHOW,2
ts221174,SHOW,2
tm885805,MOVIE,1
tm76835,MOVIE,1
tm852662,MOVIE,1
ts22011,SHOW,2
tm76029,MOVIE,1
ts287722,SHOW,2
tm835512,MOVIE,1
tm945448,MOVIE,1
tm836077,MOVIE,1
ts42156,SHOW,2
ts222049,SHOW,2
tm834664,MOVIE,1
tm820116,MOVIE,1
tm833216,MOVIE,1
tm835958,MOVIE,1
tm824855,MOVIE,1
ts221200,SHOW,2
ts271517,SHOW,2
tm835486,MOVIE,1
ts222599,SHOW,2
ts221151,SHOW,2
tm835445,MOVIE,1
tm835432,MOVIE,1
tm834608,MOVIE,1
ts221363,SHOW,2
ts222362,SHOW,2
ts222512,SHOW,2
tm848443,MOVIE,1
tm845594,MOVIE,1
tm867288,MOVIE,1
tm862830,MOVIE,1
tm922788,MOVIE,1
ts87372,SHOW,2
tm867681,MOVIE,1
tm918373,MOVIE,1
ts216522,SHOW,2
tm837843,MOVIE,1
ts223450,SHOW,2
ts222367,SHOW,2
ts282131,SHOW,2
tm27484,MOVIE,1
tm885669,MOVIE,1
tm836449,MOVIE,1
ts223238,SHOW,2
tm924556,MOVIE,1
ts144323,SHOW,2
tm838022,MOVIE,1
tm852060,MOVIE,1
ts228255,SHOW,2
tm839479,MOVIE,1
ts228502,SHOW,2
ts321918,SHOW,2
tm140389,MOVIE,1
tm868777,MOVIE,1
ts237972,SHOW,2
tm987730,MOVIE,1
tm840208,MOVIE,1
tm972519,MOVIE,1
ts222333,SHOW,2
ts255926,SHOW,2
tm890660,MOVIE,1
tm840236,MOVIE,1
ts222634,SHOW,2
tm869307,MOVIE,1
tm869475,MOVIE,1
tm1027177,MOVIE,1
ts221749,SHOW,2
ts223659,SHOW,2
tm841239,MOVIE,1
ts229123,SHOW,2
ts222625,SHOW,2
tm854876,MOVIE,1
tm919961,MOVIE,1
tm842976,MOVIE,1
tm840216,MOVIE,1
tm840438,MOVIE,1
tm863514,MOVIE,1
ts222455,SHOW,2
tm840224,MOVIE,1
ts222803,SHOW,2
ts223110,SHOW,2
tm842869,MOVIE,1
ts229335,SHOW,2
tm27168,MOVIE,1
tm850454,MOVIE,1
tm1160424,MOVIE,1
tm1110241,MOVIE,1
tm1002408,MOVIE,1
tm844201,MOVIE,1
tm845942,MOVIE,1
ts229537,SHOW,2
ts222980,SHOW,2
ts188031,SHOW,2
tm75544,MOVIE,1
ts229700,SHOW,2
tm141648,MOVIE,1
tm982470,MOVIE,1
tm1036797,MOVIE,1
ts222942,SHOW,2
ts222687,SHOW,2
ts223098,SHOW,2
tm888243,MOVIE,1
tm863611,MOVIE,1
tm1092864,MOVIE,1
tm156001,MOVIE,1
ts223240,SHOW,2
tm858954,MOVIE,1
ts222835,SHOW,2
tm871330,MOVIE,1
tm844662,MOVIE,1
tm1027639,MOVIE,1
tm843276,MOVIE,1
ts272185,SHOW,2
ts23319,SHOW,2
ts222802,SHOW,2
tm852775,MOVIE,1
tm984204,MOVIE,1
tm148147,MOVIE,1
tm1187913,MOVIE,1
tm844642,MOVIE,1
ts222933,SHOW,2
ts226468,SHOW,2
tm863829,MOVIE,1
ts87361,SHOW,2
tm846166,MOVIE,1
tm1166288,MOVIE,1
ts68146,SHOW,2
tm845616,MOVIE,1
ts221041,SHOW,2
tm936236,MOVIE,1
tm856378,MOVIE,1
tm1022912,MOVIE,1
tm849599,MOVIE,1
ts222864,SHOW,2
tm1151272,MOVIE,1
ts223126,SHOW,2
tm979182,MOVIE,1
ts270910,SHOW,2
ts222917,SHOW,2
tm845607,MOVIE,1
tm845020,MOVIE,1
tm846586,MOVIE,1
tm830795,MOVIE,1
ts12815,SHOW,2
ts223210,SHOW,2
tm843768,MOVIE,1
tm844513,MOVIE,1
ts222901,SHOW,2
tm977704,MOVIE,1
ts223537,SHOW,2
ts227473,SHOW,2
tm1110205,MOVIE,1
tm998033,MOVIE,1
ts222606,SHOW,2
tm976519,MOVIE,1
tm845532,MOVIE,1
tm847630,MOVIE,1
tm872108,MOVIE,1
tm845415,MOVIE,1
tm846964,MOVIE,1
ts223589,SHOW,2
tm845535,MOVIE,1
tm845484,MOVIE,1
ts219080,SHOW,2
ts87471,SHOW,2
tm844208,MOVIE,1
tm872496,MOVIE,1
tm897794,MOVIE,1
ts218890,SHOW,2
tm919864,MOVIE,1
ts223981,SHOW,2
tm990972,MOVIE,1
tm872732,MOVIE,1
ts223982,SHOW,2
ts230973,SHOW,2
tm1142245,MOVIE,1
tm143938,MOVIE,1
tm873159,MOVIE,1
ts231159,SHOW,2
ts224261,SHOW,2
tm983722,MOVIE,1
tm898699,MOVIE,1
tm847085,MOVIE,1
ts314742,SHOW,2
ts231260,SHOW,2
tm873354,MOVIE,1
tm873357,MOVIE,1
tm855827,MOVIE,1
ts223759,SHOW,2
tm946795,MOVIE,1
tm850822,MOVIE,1
tm873655,MOVIE,1
ts75263,SHOW,2
tm847629,MOVIE,1
tm851860,MOVIE,1
ts223456,SHOW,2
tm941531,MOVIE,1
ts80720,SHOW,2
tm1019865,MOVIE,1
tm844978,MOVIE,1
ts221472,SHOW,2
ts223121,SHOW,2
tm1166024,MOVIE,1
tm942240,MOVIE,1
tm131038,MOVIE,1
tm839761,MOVIE,1
tm854454,MOVIE,1
ts225539,SHOW,2
ts226410,SHOW,2
tm851128,MOVIE,1
ts288353,SHOW,2
ts82085,SHOW,2
tm839411,MOVIE,1
ts223948,SHOW,2
tm848444,MOVIE,1
tm863992,MOVIE,1
tm62369,MOVIE,1
tm851346,MOVIE,1
ts224906,SHOW,2
ts232107,SHOW,2
ts284885,SHOW,2
tm859005,MOVIE,1
tm954297,MOVIE,1
ts224859,SHOW,2
ts35628,SHOW,2
tm1024062,MOVIE,1
tm852996,MOVIE,1
tm36164,MOVIE,1
tm1027081,MOVIE,1
tm851499,MOVIE,1
ts232506,SHOW,2
ts189629,SHOW,2
tm173195,MOVIE,1
tm875736,MOVIE,1
tm846354,MOVIE,1
tm893874,MOVIE,1
tm926528,MOVIE,1
tm917974,MOVIE,1
tm1003034,MOVIE,1
tm876083,MOVIE,1
tm851599,MOVIE,1
ts306090,SHOW,2
tm917822,MOVIE,1
ts302312,SHOW,2
tm985550,MOVIE,1
tm876608,MOVIE,1
ts233367,SHOW,2
tm1142224,MOVIE,1
ts285422,SHOW,2
tm36636,MOVIE,1
ts304505,SHOW,2
tm852728,MOVIE,1
ts273318,SHOW,2
ts233530,SHOW,2
tm876997,MOVIE,1
ts225377,SHOW,2
tm998726,MOVIE,1
ts22005,SHOW,2
ts233732,SHOW,2
tm854669,MOVIE,1
tm154375,MOVIE,1
tm1087956,MOVIE,1
tm846630,MOVIE,1
tm877456,MOVIE,1
ts224303,SHOW,2
tm946869,MOVIE,1
tm993670,MOVIE,1
ts90789,SHOW,2
tm853910,MOVIE,1
tm856945,MOVIE,1
tm925186,MOVIE,1
ts223192,SHOW,2
tm877681,MOVIE,1
tm877746,MOVIE,1
tm453850,MOVIE,1
tm52352,MOVIE,1
tm102337,MOVIE,1
tm937814,MOVIE,1
tm35895,MOVIE,1
tm854261,MOVIE,1
tm57586,MOVIE,1
tm898842,MOVIE,1
ts223895,SHOW,2
tm1033470,MOVIE,1
tm858000,MOVIE,1
tm857399,MOVIE,1
tm856593,MOVIE,1
ts222325,SHOW,2
tm878333,MOVIE,1
tm981676,MOVIE,1
tm1047951,MOVIE,1
ts225544,SHOW,2
ts234505,SHOW,2
ts227305,SHOW,2
ts226588,SHOW,2
tm857397,MOVIE,1
ts315066,SHOW,2
ts234501,SHOW,2
tm878492,MOVIE,1
tm878495,MOVIE,1
ts225787,SHOW,2
ts225645,SHOW,2
tm878575,MOVIE,1
ts242210,SHOW,2
tm1101878,MOVIE,1
tm54147,MOVIE,1
tm152724,MOVIE,1
ts234817,SHOW,2
tm933447,MOVIE,1
tm857187,MOVIE,1
tm878842,MOVIE,1
tm1080697,MOVIE,1
tm971819,MOVIE,1
tm142564,MOVIE,1
ts225708,SHOW,2
tm878995,MOVIE,1
tm59880,MOVIE,1
tm1022103,MOVIE,1
tm1040337,MOVIE,1
tm1138477,MOVIE,1
ts288065,SHOW,2
tm863280,MOVIE,1
ts222988,SHOW,2
tm881162,MOVIE,1
tm907704,MOVIE,1
ts268592,SHOW,2
tm879556,MOVIE,1
tm879609,MOVIE,1
tm879685,MOVIE,1
tm1138870,MOVIE,1
tm918777,MOVIE,1
ts237109,SHOW,2
ts235563,SHOW,2
ts283080,SHOW,2
ts235689,SHOW,2
ts57080,SHOW,2
ts235916,SHOW,2
tm1143258,MOVIE,1
tm881984,MOVIE,1
tm852097,MOVIE,1
ts237104,SHOW,2
ts226617,SHOW,2
ts226602,SHOW,2
tm898285,MOVIE,1
ts287045,SHOW,2
ts237096,SHOW,2
ts227412,SHOW,2
tm881891,MOVIE,1
tm883070,MOVIE,1
tm866782,MOVIE,1
tm853783,MOVIE,1
ts21197,SHOW,2
tm855075,MOVIE,1
tm1037519,MOVIE,1
tm887450,MOVIE,1
ts225410,SHOW,2
ts236531,SHOW,2
tm884369,MOVIE,1
ts218888,SHOW,2
tm886188,MOVIE,1
tm150521,MOVIE,1
tm854682,MOVIE,1
ts236332,SHOW,2
tm882887,MOVIE,1
ts236747,SHOW,2
ts244930,SHOW,2
ts242244,SHOW,2
ts215718,SHOW,2
ts236051,SHOW,2
tm885948,MOVIE,1
tm899554,MOVIE,1
tm34524,MOVIE,1
tm414584,MOVIE,1
ts45322,SHOW,2
tm883441,MOVIE,1
ts235979,SHOW,2
ts237071,SHOW,2
ts25765,SHOW,2
ts78913,SHOW,2
ts154625,SHOW,2
ts239188,SHOW,2
tm887369,MOVIE,1
tm34331,MOVIE,1
tm97544,MOVIE,1
tm855483,MOVIE,1
tm849937,MOVIE,1
ts237487,SHOW,2
tm1075698,MOVIE,1
ts237111,SHOW,2
tm904862,MOVIE,1
ts236653,SHOW,2
tm887052,MOVIE,1
ts237556,SHOW,2
ts236769,SHOW,2
ts236725,SHOW,2
tm975616,MOVIE,1
tm16812,MOVIE,1
tm93225,MOVIE,1
ts60663,SHOW,2
ts237208,SHOW,2
tm30205,MOVIE,1
tm32915,MOVIE,1
tm52176,MOVIE,1
ts243780,SHOW,2
tm866495,MOVIE,1
tm890674,MOVIE,1
ts29581,SHOW,2
ts251675,SHOW,2
tm44378,MOVIE,1
tm894241,MOVIE,1
ts225430,SHOW,2
ts222609,SHOW,2
tm849871,MOVIE,1
tm856545,MOVIE,1
tm898322,MOVIE,1
tm833382,MOVIE,1
tm94606,MOVIE,1
tm1087383,MOVIE,1
tm37945,MOVIE,1
ts240453,SHOW,2
tm156575,MOVIE,1
ts237560,SHOW,2
ts237513,SHOW,2
tm90864,MOVIE,1
ts82281,SHOW,2
ts243189,SHOW,2
tm892081,MOVIE,1
tm893510,MOVIE,1
ts34414,SHOW,2
tm1087461,MOVIE,1
tm147211,MOVIE,1
tm893680,MOVIE,1
tm896246,MOVIE,1
ts240807,SHOW,2
ts242820,SHOW,2
ts84993,SHOW,2
ts329882,SHOW,2
tm1046627,MOVIE,1
tm212968,MOVIE,1
tm898773,MOVIE,1
tm901947,MOVIE,1
tm901961,MOVIE,1
ts77405,SHOW,2
ts256783,SHOW,2
tm890479,MOVIE,1
tm49865,MOVIE,1
tm217228,MOVIE,1
tm1000551,MOVIE,1
tm902993,MOVIE,1
tm148041,MOVIE,1
ts241248,SHOW,2
ts241246,SHOW,2
ts250920,SHOW,2
ts241296,SHOW,2
tm28024,MOVIE,1
ts236850,SHOW,2
tm902870,MOVIE,1
ts223404,SHOW,2
tm910612,MOVIE,1
ts250172,SHOW,2
tm1099342,MOVIE,1
tm910999,MOVIE,1
tm907872,MOVIE,1
ts238316,SHOW,2
tm1149814,MOVIE,1
ts250092,SHOW,2
ts237751,SHOW,2
ts223242,SHOW,2
tm155761,MOVIE,1
tm925785,MOVIE,1
tm842817,MOVIE,1
ts250803,SHOW,2
ts250801,SHOW,2
tm201222,MOVIE,1
tm1027712,MOVIE,1
tm908777,MOVIE,1
tm970327,MOVIE,1
ts252166,SHOW,2
ts267062,SHOW,2
tm918043,MOVIE,1
ts266966,SHOW,2
ts266898,SHOW,2
tm912415,MOVIE,1
tm946277,MOVIE,1
ts251094,SHOW,2
ts250997,SHOW,2
tm912373,MOVIE,1
ts250872,SHOW,2
ts251272,SHOW,2
ts250912,SHOW,2
tm912399,MOVIE,1
ts250871,SHOW,2
tm912400,MOVIE,1
tm912327,MOVIE,1
tm318206,MOVIE,1
tm917325,MOVIE,1
ts1464,SHOW,2
ts238242,SHOW,2
ts272463,SHOW,2
ts265991,SHOW,2
ts265844,SHOW,2
ts251119,SHOW,2
tm938466,MOVIE,1
tm810504,MOVIE,1
tm35652,MOVIE,1
ts251072,SHOW,2
ts85985,SHOW,2
tm976166,MOVIE,1
tm991529,MOVIE,1
tm853485,MOVIE,1
tm160371,MOVIE,1
tm234980,MOVIE,1
tm918026,MOVIE,1
tm853113,MOVIE,1
ts343427,SHOW,2
ts268758,SHOW,2
tm927926,MOVIE,1
ts251378,SHOW,2
tm918894,MOVIE,1
tm917999,MOVIE,1
tm918960,MOVIE,1
tm46867,MOVIE,1
tm965754,MOVIE,1
ts85953,SHOW,2
tm149209,MOVIE,1
ts314648,SHOW,2
ts264270,SHOW,2
ts251616,SHOW,2
ts251607,SHOW,2
tm1092075,MOVIE,1
tm965408,MOVIE,1
ts251617,SHOW,2
ts251621,SHOW,2
ts251512,SHOW,2
ts251618,SHOW,2
ts251615,SHOW,2
ts251782,SHOW,2
tm919082,MOVIE,1
ts251929,SHOW,2
tm50018,MOVIE,1
ts252141,SHOW,2
tm928541,MOVIE,1
tm1039147,MOVIE,1
tm919920,MOVIE,1
tm980097,MOVIE,1
tm921206,MOVIE,1
tm919880,MOVIE,1
ts26322,SHOW,2
tm810547,MOVIE,1
tm919903,MOVIE,1
ts252015,SHOW,2
tm1038355,MOVIE,1
ts237713,SHOW,2
tm44749,MOVIE,1
ts250800,SHOW,2
tm943774,MOVIE,1
tm458292,MOVIE,1
tm232673,MOVIE,1
tm86803,MOVIE,1
ts251560,SHOW,2
ts225102,SHOW,2
tm963182,MOVIE,1
tm183037,MOVIE,1
ts15986,SHOW,2
tm927033,MOVIE,1
tm963023,MOVIE,1
ts225101,SHOW,2
ts253288,SHOW,2
tm922532,MOVIE,1
ts252661,SHOW,2
ts88841,SHOW,2
tm1070032,MOVIE,1
tm947555,MOVIE,1
ts252318,SHOW,2
tm1066826,MOVIE,1
ts262246,SHOW,2
tm863808,MOVIE,1
ts262228,SHOW,2
tm357589,MOVIE,1
tm935993,MOVIE,1
tm138672,MOVIE,1
ts262037,SHOW,2
tm101609,MOVIE,1
tm166548,MOVIE,1
ts252341,SHOW,2
ts255418,SHOW,2
ts252695,SHOW,2
ts253722,SHOW,2
tm43179,MOVIE,1
ts252122,SHOW,2
tm1037704,MOVIE,1
tm929600,MOVIE,1
ts252856,SHOW,2
ts254600,SHOW,2
ts254293,SHOW,2
tm1039422,MOVIE,1
ts254817,SHOW,2
ts328194,SHOW,2
tm135451,MOVIE,1
tm38454,MOVIE,1
ts261583,SHOW,2
tm929614,MOVIE,1
ts89372,SHOW,2
tm927286,MOVIE,1
ts256134,SHOW,2
tm934040,MOVIE,1
ts254537,SHOW,2
tm1191224,MOVIE,1
tm1102226,MOVIE,1
ts254767,SHOW,2
tm974195,MOVIE,1
ts273245,SHOW,2
tm244149,MOVIE,1
tm960924,MOVIE,1
tm1048362,MOVIE,1
tm1037687,MOVIE,1
tm1080114,MOVIE,1
tm935941,MOVIE,1
ts225718,SHOW,2
tm990983,MOVIE,1
ts260502,SHOW,2
ts260477,SHOW,2
tm960414,MOVIE,1
tm1092958,MOVIE,1
tm960430,MOVIE,1
tm931330,MOVIE,1
tm938333,MOVIE,1
ts253813,SHOW,2
tm1065788,MOVIE,1
tm1003630,MOVIE,1
ts255104,SHOW,2
tm1003725,MOVIE,1
tm1172010,MOVIE,1
tm960145,MOVIE,1
tm921230,MOVIE,1
tm923612,MOVIE,1
ts283676,SHOW,2
tm1028026,MOVIE,1
tm1088320,MOVIE,1
tm938434,MOVIE,1
tm1046026,MOVIE,1
ts254592,SHOW,2
tm937265,MOVIE,1
tm140653,MOVIE,1
ts76645,SHOW,2
tm959213,MOVIE,1
tm130574,MOVIE,1
ts254916,SHOW,2
tm958984,MOVIE,1
tm943808,MOVIE,1
tm945435,MOVIE,1
tm945831,MOVIE,1
tm945168,MOVIE,1
ts286317,SHOW,2
ts58025,SHOW,2
ts255880,SHOW,2
tm937044,MOVIE,1
tm958688,MOVIE,1
tm1049265,MOVIE,1
ts21740,SHOW,2
tm954303,MOVIE,1
ts255037,SHOW,2
ts251028,SHOW,2
tm977464,MOVIE,1
tm155774,MOVIE,1
tm944631,MOVIE,1
tm957903,MOVIE,1
ts269844,SHOW,2
tm957792,MOVIE,1
tm101334,MOVIE,1
tm183523,MOVIE,1
ts255486,SHOW,2
ts258415,SHOW,2
tm943718,MOVIE,1
tm56428,MOVIE,1
tm145243,MOVIE,1
ts258321,SHOW,2
tm1038857,MOVIE,1
ts255809,SHOW,2
tm918258,MOVIE,1
ts258169,SHOW,2
tm943771,MOVIE,1
tm954606,MOVIE,1
tm1000296,MOVIE,1
tm134407,MOVIE,1
ts268560,SHOW,2
ts257873,SHOW,2
tm944331,MOVIE,1
tm176630,MOVIE,1
ts304058,SHOW,2
tm946604,MOVIE,1
ts255823,SHOW,2
ts94470,SHOW,2
ts257817,SHOW,2
tm880822,MOVIE,1
tm945825,MOVIE,1
tm998899,MOVIE,1
tm34924,MOVIE,1
ts257504,SHOW,2
tm1073555,MOVIE,1
tm1040671,MOVIE,1
ts256072,SHOW,2
ts256309,SHOW,2
ts256297,SHOW,2
ts343432,SHOW,2
ts257345,SHOW,2
ts328605,SHOW,2
ts313781,SHOW,2
tm1029314,MOVIE,1
tm948607,MOVIE,1
ts257315,SHOW,2
tm984018,MOVIE,1
ts257301,SHOW,2
ts257271,SHOW,2
ts273229,SHOW,2
tm1043290,MOVIE,1
tm1108648,MOVIE,1
tm997608,MOVIE,1
ts330132,SHOW,2
tm947446,MOVIE,1
ts257243,SHOW,2
tm144835,MOVIE,1
tm1115392,MOVIE,1
tm1178876,MOVIE,1
ts316965,SHOW,2
ts317297,SHOW,2
tm949267,MOVIE,1
tm946801,MOVIE,1
tm926580,MOVIE,1
ts312071,SHOW,2
ts273485,SHOW,2
ts256311,SHOW,2
ts283284,SHOW,2
ts256606,SHOW,2
ts256710,SHOW,2
tm1063034,MOVIE,1
tm138497,MOVIE,1
tm1004219,MOVIE,1
ts256764,SHOW,2
tm1049290,MOVIE,1
tm881587,MOVIE,1
tm915354,MOVIE,1
tm34846,MOVIE,1
ts268890,SHOW,2
tm985215,MOVIE,1
tm957567,MOVIE,1
tm1005077,MOVIE,1
tm88045,MOVIE,1
tm980439,MOVIE,1
tm977997,MOVIE,1
tm1005109,MOVIE,1
tm941382,MOVIE,1
tm973536,MOVIE,1
ts271867,SHOW,2
ts274575,SHOW,2
tm981675,MOVIE,1
tm1005937,MOVIE,1
tm1038364,MOVIE,1
tm975398,MOVIE,1
ts269073,SHOW,2
ts269280,SHOW,2
tm981956,MOVIE,1
tm1006127,MOVIE,1
tm92977,MOVIE,1
ts331448,SHOW,2
tm982018,MOVIE,1
tm975765,MOVIE,1
ts268508,SHOW,2
tm1120509,MOVIE,1
tm1018418,MOVIE,1
tm977184,MOVIE,1
tm977772,MOVIE,1
ts268648,SHOW,2
ts269442,SHOW,2
ts275111,SHOW,2
ts269740,SHOW,2
ts268608,SHOW,2
ts301999,SHOW,2
tm976797,MOVIE,1
tm1031976,MOVIE,1
tm152413,MOVIE,1
tm1020293,MOVIE,1
ts282291,SHOW,2
ts31593,SHOW,2
tm130647,MOVIE,1
tm982569,MOVIE,1
tm977620,MOVIE,1
tm977782,MOVIE,1
tm1109843,MOVIE,1
tm983849,MOVIE,1
tm1020701,MOVIE,1
ts269157,SHOW,2
ts297729,SHOW,2
ts269286,SHOW,2
ts270439,SHOW,2
tm981451,MOVIE,1
ts269501,SHOW,2
ts288832,SHOW,2
tm1020851,MOVIE,1
tm1049317,MOVIE,1
tm984935,MOVIE,1
tm982887,MOVIE,1
tm980657,MOVIE,1
tm1018592,MOVIE,1
ts269690,SHOW,2
tm981770,MOVIE,1
tm925702,MOVIE,1
tm1120543,MOVIE,1
tm982100,MOVIE,1
ts269493,SHOW,2
ts269676,SHOW,2
tm1092892,MOVIE,1
ts271321,SHOW,2
tm983668,MOVIE,1
tm987599,MOVIE,1
ts29800,SHOW,2
tm983466,MOVIE,1
tm136257,MOVIE,1
ts271413,SHOW,2
ts268997,SHOW,2
ts310057,SHOW,2
ts270616,SHOW,2
tm993616,MOVIE,1
ts277126,SHOW,2
ts270405,SHOW,2
ts271025,SHOW,2
tm244274,MOVIE,1
tm831387,MOVIE,1
tm996996,MOVIE,1
ts270807,SHOW,2
ts269881,SHOW,2
tm1119136,MOVIE,1
tm1011188,MOVIE,1
tm1011248,MOVIE,1
tm988879,MOVIE,1
tm1111595,MOVIE,1
ts272515,SHOW,2
ts21688,SHOW,2
ts225162,SHOW,2
ts271048,SHOW,2
ts268835,SHOW,2
tm1102891,MOVIE,1
tm142153,MOVIE,1
tm988801,MOVIE,1
tm986700,MOVIE,1
tm1106212,MOVIE,1
ts270465,SHOW,2
tm103133,MOVIE,1
ts306322,SHOW,2
tm976632,MOVIE,1
tm92641,MOVIE,1
tm93055,MOVIE,1
tm1021689,MOVIE,1
tm181092,MOVIE,1
tm823350,MOVIE,1
tm988613,MOVIE,1
tm975741,MOVIE,1
tm1013111,MOVIE,1
ts268099,SHOW,2
ts314962,SHOW,2
tm985712,MOVIE,1
ts271593,SHOW,2
ts76771,SHOW,2
tm1013697,MOVIE,1
ts270798,SHOW,2
tm989672,MOVIE,1
tm834653,MOVIE,1
tm1166020,MOVIE,1
tm1077201,MOVIE,1
tm843345,MOVIE,1
ts271595,SHOW,2
tm991351,MOVIE,1
ts223115,SHOW,2
tm1000185,MOVIE,1
ts287853,SHOW,2
ts272422,SHOW,2
tm995613,MOVIE,1
tm1014599,MOVIE,1
tm101249,MOVIE,1
tm102740,MOVIE,1
tm989502,MOVIE,1
tm322243,MOVIE,1
tm74848,MOVIE,1
tm103095,MOVIE,1
tm1014947,MOVIE,1
ts273317,SHOW,2
ts272980,SHOW,2
tm1015103,MOVIE,1
ts275448,SHOW,2
ts279953,SHOW,2
ts286386,SHOW,2
ts236347,SHOW,2
tm1015303,MOVIE,1
tm139349,MOVIE,1
tm130999,MOVIE,1
tm1015884,MOVIE,1
tm998858,MOVIE,1
tm95507,MOVIE,1
tm1001267,MOVIE,1
ts272092,SHOW,2
tm988736,MOVIE,1
tm942277,MOVIE,1
tm96168,MOVIE,1
ts280892,SHOW,2
ts36630,SHOW,2
ts281062,SHOW,2
ts272366,SHOW,2
tm101540,MOVIE,1
ts38718,SHOW,2
tm1141594,MOVIE,1
ts317709,SHOW,2
ts273436,SHOW,2
tm1141923,MOVIE,1
ts21695,SHOW,2
tm167232,MOVIE,1
ts270742,SHOW,2
ts287703,SHOW,2
tm1024535,MOVIE,1
tm1017664,MOVIE,1
tm1000599,MOVIE,1
tm1038025,MOVIE,1
ts241486,SHOW,2
ts272669,SHOW,2
tm999927,MOVIE,1
ts273275,SHOW,2
tm90190,MOVIE,1
tm985747,MOVIE,1
ts21247,SHOW,2
ts272939,SHOW,2
tm1001108,MOVIE,1
tm1160484,MOVIE,1
ts273100,SHOW,2
tm1038096,MOVIE,1
tm1003261,MOVIE,1
ts285106,SHOW,2
tm1119272,MOVIE,1
tm1002869,MOVIE,1
ts282876,SHOW,2
tm1025318,MOVIE,1
tm996316,MOVIE,1
tm1025493,MOVIE,1
tm1025616,MOVIE,1
tm1003376,MOVIE,1
tm1003353,MOVIE,1
ts271604,SHOW,2
tm170758,MOVIE,1
tm1182144,MOVIE,1
ts285874,SHOW,2
tm1185388,MOVIE,1
ts343430,SHOW,2
tm154802,MOVIE,1
tm1018890,MOVIE,1
ts311915,SHOW,2
ts283528,SHOW,2
tm1159163,MOVIE,1
ts288540,SHOW,2
ts283610,SHOW,2
tm1000797,MOVIE,1
ts283614,SHOW,2
ts283639,SHOW,2
ts320075,SHOW,2
ts289620,SHOW,2
tm1033803,MOVIE,1
tm1080252,MOVIE,1
ts282214,SHOW,2
ts288472,SHOW,2
ts225855,SHOW,2
ts282840,SHOW,2
ts289757,SHOW,2
tm140342,MOVIE,1
ts289982,SHOW,2
ts289261,SHOW,2
ts271720,SHOW,2
tm147686,MOVIE,1
ts285471,SHOW,2
tm1043655,MOVIE,1
tm104880,MOVIE,1
tm1097142,MOVIE,1
ts306135,SHOW,2
tm1029256,MOVIE,1
tm100688,MOVIE,1
ts23808,SHOW,2
ts284702,SHOW,2
tm1119015,MOVIE,1
tm1092309,MOVIE,1
tm1026043,MOVIE,1
tm1137862,MOVIE,1
ts296825,SHOW,2
tm1052498,MOVIE,1
ts61384,SHOW,2
ts290643,SHOW,2
tm98475,MOVIE,1
tm1029279,MOVIE,1
tm1096775,MOVIE,1
tm174683,MOVIE,1
tm159796,MOVIE,1
tm1053409,MOVIE,1
tm1102868,MOVIE,1
ts226392,SHOW,2
tm1068632,MOVIE,1
tm1083068,MOVIE,1
tm1110389,MOVIE,1
tm1031448,MOVIE,1
ts285470,SHOW,2
ts285469,SHOW,2
tm1030283,MOVIE,1
ts291150,SHOW,2
tm1054462,MOVIE,1
tm1031186,MOVIE,1
tm996010,MOVIE,1
tm996040,MOVIE,1
ts1893,SHOW,2
ts291718,SHOW,2
tm1144897,MOVIE,1
tm1165118,MOVIE,1
tm1040733,MOVIE,1
tm1031499,MOVIE,1
ts286218,SHOW,2
tm98975,MOVIE,1
tm1102570,MOVIE,1
ts8308,SHOW,2
ts300456,SHOW,2
tm72140,MOVIE,1
tm1055586,MOVIE,1
tm979688,MOVIE,1
tm1177856,MOVIE,1
tm1040816,MOVIE,1
ts292270,SHOW,2
tm69386,MOVIE,1
tm97325,MOVIE,1
tm1001619,MOVIE,1
ts292446,SHOW,2
ts297247,SHOW,2
ts288744,SHOW,2
tm1107225,MOVIE,1
tm1164962,MOVIE,1
tm102848,MOVIE,1
tm1195032,MOVIE,1
ts287941,SHOW,2
tm1152224,MOVIE,1
ts287294,SHOW,2
ts287687,SHOW,2
ts293103,SHOW,2
tm1082795,MOVIE,1
tm1120855,MOVIE,1
ts287729,SHOW,2
ts293346,SHOW,2
tm95238,MOVIE,1
ts288005,SHOW,2
ts297483,SHOW,2
ts317720,SHOW,2
ts341760,SHOW,2
tm1110212,MOVIE,1
tm1041543,MOVIE,1
tm1079334,MOVIE,1
tm1037800,MOVIE,1
tm1166015,MOVIE,1
ts317423,SHOW,2
ts70843,SHOW,2
tm1038686,MOVIE,1
tm1045603,MOVIE,1
ts293814,SHOW,2
ts280693,SHOW,2
tm1039168,MOVIE,1
ts288997,SHOW,2
tm180599,MOVIE,1
tm160621,MOVIE,1
tm1059008,MOVIE,1
tm1066324,MOVIE,1
tm1141439,MOVIE,1
ts283159,SHOW,2
ts287838,SHOW,2
tm1047190,MOVIE,1
ts311989,SHOW,2
tm861018,MOVIE,1
tm843408,MOVIE,1
tm1040688,MOVIE,1
tm1045883,MOVIE,1
ts288544,SHOW,2
tm1045018,MOVIE,1
ts286731,SHOW,2
tm1120902,MOVIE,1
tm882700,MOVIE,1
ts287741,SHOW,2
tm244325,MOVIE,1
ts320335,SHOW,2
tm171292,MOVIE,1
ts287976,SHOW,2
ts296129,SHOW,2
ts296091,SHOW,2
ts296059,SHOW,2
ts296069,SHOW,2
ts287802,SHOW,2
ts288087,SHOW,2
tm1044137,MOVIE,1
ts309676,SHOW,2
ts315041,SHOW,2
tm837802,MOVIE,1
tm475638,MOVIE,1
ts20535,SHOW,2
ts319303,SHOW,2
ts288064,SHOW,2
tm986017,MOVIE,1
tm1129394,MOVIE,1
ts301914,SHOW,2
ts296081,SHOW,2
ts296698,SHOW,2
ts297846,SHOW,2
tm998544,MOVIE,1
ts288545,SHOW,2
tm115973,MOVIE,1
tm1046969,MOVIE,1
ts243256,SHOW,2
tm810494,MOVIE,1
tm144263,MOVIE,1
tm147494,MOVIE,1
tm1158704,MOVIE,1
tm1165983,MOVIE,1
ts289364,SHOW,2
ts296179,SHOW,2
ts20917,SHOW,2
ts296214,SHOW,2
tm1102151,MOVIE,1
ts4866,SHOW,2
ts296201,SHOW,2
ts298837,SHOW,2
tm134235,MOVIE,1
ts250998,SHOW,2
tm174256,MOVIE,1
ts299865,SHOW,2
tm1064532,MOVIE,1
tm1063339,MOVIE,1
tm1064193,MOVIE,1
tm1040832,MOVIE,1
tm244207,MOVIE,1
tm1064988,MOVIE,1
tm1179579,MOVIE,1
ts328617,SHOW,2
ts299321,SHOW,2
tm1068692,MOVIE,1
tm1110527,MOVIE,1
ts297675,SHOW,2
tm344173,MOVIE,1
tm1041549,MOVIE,1
ts296563,SHOW,2
ts297065,SHOW,2
ts294338,SHOW,2
tm1068777,MOVIE,1
ts297763,SHOW,2
ts301196,SHOW,2
tm1150385,MOVIE,1
ts251061,SHOW,2
tm1183542,MOVIE,1
tm999817,MOVIE,1
tm1063790,MOVIE,1
ts331654,SHOW,2
ts301609,SHOW,2
ts301625,SHOW,2
tm1083293,MOVIE,1
tm1074764,MOVIE,1
ts300274,SHOW,2
ts299874,SHOW,2
tm1080406,MOVIE,1
tm1068348,MOVIE,1
ts343251,SHOW,2
ts21967,SHOW,2
ts82298,SHOW,2
ts302714,SHOW,2
ts304709,SHOW,2
tm1094060,MOVIE,1
tm1077013,MOVIE,1
tm1082314,MOVIE,1
ts23797,SHOW,2
ts303513,SHOW,2
tm1082359,MOVIE,1
tm1084481,MOVIE,1
ts330347,SHOW,2
ts317078,SHOW,2
tm1091155,MOVIE,1
tm1082515,MOVIE,1
ts302058,SHOW,2
tm1084966,MOVIE,1
tm323616,MOVIE,1
tm1098514,MOVIE,1
tm235979,MOVIE,1
ts302489,SHOW,2
tm1026240,MOVIE,1
ts306188,SHOW,2
tm323262,MOVIE,1
ts296581,SHOW,2
tm944307,MOVIE,1
ts319412,SHOW,2
tm976168,MOVIE,1
ts321513,SHOW,2
tm1068720,MOVIE,1
tm178201,MOVIE,1
ts14102,SHOW,2
ts304053,SHOW,2
tm1102410,MOVIE,1
ts305254,SHOW,2
ts305263,SHOW,2
ts305264,SHOW,2
ts302056,SHOW,2
tm1087932,MOVIE,1
ts9,SHOW,2
ts310331,SHOW,2
tm992279,MOVIE,1
ts306510,SHOW,2
tm1094069,MOVIE,1
ts305732,SHOW,2
ts302570,SHOW,2
tm675154,MOVIE,1
tm143510,MOVIE,1
ts17028,SHOW,2
tm1095880,MOVIE,1
ts58225,SHOW,2
ts305890,SHOW,2
tm1091284,MOVIE,1
ts287149,SHOW,2
ts307649,SHOW,2
tm1091956,MOVIE,1
ts6644,SHOW,2
ts307973,SHOW,2
ts42038,SHOW,2
ts306203,SHOW,2
tm1093287,MOVIE,1
ts308511,SHOW,2
ts308516,SHOW,2
tm1099969,MOVIE,1
ts30313,SHOW,2
ts304468,SHOW,2
tm1108010,MOVIE,1
tm1127479,MOVIE,1
tm106278,MOVIE,1
ts308053,SHOW,2
ts328317,SHOW,2
tm1822,MOVIE,1
tm1096880,MOVIE,1
tm1152323,MOVIE,1
tm1096769,MOVIE,1
ts309235,SHOW,2
ts304690,SHOW,2
ts306068,SHOW,2
ts330289,SHOW,2
tm1102856,MOVIE,1
tm272060,MOVIE,1
ts310628,SHOW,2
ts308002,SHOW,2
ts307745,SHOW,2
ts307981,SHOW,2
tm1104252,MOVIE,1
ts308845,SHOW,2
tm1049155,MOVIE,1
tm1099320,MOVIE,1
ts308838,SHOW,2
ts321437,SHOW,2
tm421437,MOVIE,1
tm266844,MOVIE,1
tm237621,MOVIE,1
tm1106551,MOVIE,1
ts310335,SHOW,2
ts84785,SHOW,2
tm1104532,MOVIE,1
ts310376,SHOW,2
tm1119455,MOVIE,1
ts282133,SHOW,2
ts317144,SHOW,2
tm1107850,MOVIE,1
tm1107848,MOVIE,1
ts328541,SHOW,2
tm1179973,MOVIE,1
tm1106888,MOVIE,1
tm1106900,MOVIE,1
ts311791,SHOW,2
ts312200,SHOW,2
ts308689,SHOW,2
tm1119331,MOVIE,1
tm888080,MOVIE,1
tm1108321,MOVIE,1
tm1118822,MOVIE,1
tm1088545,MOVIE,1
ts14520,SHOW,2
ts315144,SHOW,2
ts314395,SHOW,2
ts268102,SHOW,2
tm1107063,MOVIE,1
tm1122095,MOVIE,1
tm1111559,MOVIE,1
ts320407,SHOW,2
ts312094,SHOW,2
tm1115800,MOVIE,1
ts313668,SHOW,2
tm1107912,MOVIE,1
tm182125,MOVIE,1
tm160433,MOVIE,1
tm1108621,MOVIE,1
ts313902,SHOW,2
ts313849,SHOW,2
ts72196,SHOW,2
ts315611,SHOW,2
ts314135,SHOW,2
tm161802,MOVIE,1
tm1076198,MOVIE,1
tm166064,MOVIE,1
tm1118234,MOVIE,1
tm1120636,MOVIE,1
ts319464,SHOW,2
tm184608,MOVIE,1
ts314594,SHOW,2
tm1124066,MOVIE,1
tm420800,MOVIE,1
tm1119172,MOVIE,1
tm1130995,MOVIE,1
ts317522,SHOW,2
ts307816,SHOW,2
tm1131061,MOVIE,1
ts314963,SHOW,2
tm99450,MOVIE,1
tm91176,MOVIE,1
ts317064,SHOW,2
ts316882,SHOW,2
ts302653,SHOW,2
tm1120766,MOVIE,1
ts6506,SHOW,2
tm1128292,MOVIE,1
tm1130275,MOVIE,1
tm1125844,MOVIE,1
ts72322,SHOW,2
tm1092995,MOVIE,1
tm1114205,MOVIE,1
tm1116525,MOVIE,1
ts20660,SHOW,2
tm101684,MOVIE,1
tm166973,MOVIE,1
tm1131374,MOVIE,1
tm1131382,MOVIE,1
tm922943,MOVIE,1
tm1130264,MOVIE,1
ts317612,SHOW,2
tm160132,MOVIE,1
ts317422,SHOW,2
ts288861,SHOW,2
tm1131895,MOVIE,1
tm158304,MOVIE,1
tm165995,MOVIE,1
tm95434,MOVIE,1
tm1111616,MOVIE,1
ts320426,SHOW,2
ts30311,SHOW,2
tm164877,MOVIE,1
tm182026,MOVIE,1
tm157085,MOVIE,1
ts11,SHOW,2
ts297685,SHOW,2
tm1150256,MOVIE,1
tm106625,MOVIE,1
ts311958,SHOW,2
tm1129217,MOVIE,1
tm1141346,MOVIE,1
tm407349,MOVIE,1
tm92671,MOVIE,1
ts319460,SHOW,2
tm40319,MOVIE,1
tm170442,MOVIE,1
ts315551,SHOW,2
tm1121084,MOVIE,1
tm441231,MOVIE,1
tm35700,MOVIE,1
tm174289,MOVIE,1
tm1127511,MOVIE,1
ts317526,SHOW,2
tm172716,MOVIE,1
tm166740,MOVIE,1
tm1121098,MOVIE,1
tm165259,MOVIE,1
ts319608,SHOW,2
tm1132176,MOVIE,1
ts315549,SHOW,2
tm890013,MOVIE,1
ts320183,SHOW,2
ts322506,SHOW,2
tm179451,MOVIE,1
tm1134006,MOVIE,1
ts30288,SHOW,2
ts320557,SHOW,2
ts319333,SHOW,2
ts312241,SHOW,2
tm1137051,MOVIE,1
tm68272,MOVIE,1
ts320872,SHOW,2
tm1137797,MOVIE,1
tm219276,MOVIE,1
ts30083,SHOW,2
ts224891,SHOW,2
tm103732,MOVIE,1
tm1146393,MOVIE,1
ts320302,SHOW,2
tm1141663,MOVIE,1
tm1143058,MOVIE,1
tm134967,MOVIE,1
ts321966,SHOW,2
ts1475,SHOW,2
ts325756,SHOW,2
ts320502,SHOW,2
ts21544,SHOW,2
tm99776,MOVIE,1
tm178211,MOVIE,1
tm881575,MOVIE,1
ts178360,SHOW,2
tm91323,MOVIE,1
tm172504,MOVIE,1
tm1147172,MOVIE,1
ts321084,SHOW,2
tm1147041,MOVIE,1
tm1146635,MOVIE,1
tm175346,MOVIE,1
tm356563,MOVIE,1
tm1165179,MOVIE,1
tm161904,MOVIE,1
ts40702,SHOW,2
tm434883,MOVIE,1
tm1150727,MOVIE,1
tm639940,MOVIE,1
tm143474,MOVIE,1
tm366820,MOVIE,1
ts327074,SHOW,2
ts20457,SHOW,2
tm1162608,MOVIE,1
ts11794,SHOW,2
tm1150872,MOVIE,1
tm96037,MOVIE,1
tm48239,MOVIE,1
tm1165244,MOVIE,1
ts34737,SHOW,2
ts322267,SHOW,2
tm32982,MOVIE,1
ts326029,SHOW,2
ts30356,SHOW,2
tm205870,MOVIE,1
tm227029,MOVIE,1
tm97982,MOVIE,1
tm1159947,MOVIE,1
tm1159298,MOVIE,1
tm1159301,MOVIE,1
tm1159300,MOVIE,1
tm308960,MOVIE,1
tm168751,MOVIE,1
ts34740,SHOW,2
tm50798,MOVIE,1
tm174518,MOVIE,1
tm361958,MOVIE,1
tm244175,MOVIE,1
tm1161223,MOVIE,1
tm159593,MOVIE,1
ts53249,SHOW,2
tm340006,MOVIE,1
tm142856,MOVIE,1
ts36836,SHOW,2
tm465421,MOVIE,1
ts21511,SHOW,2
ts302363,SHOW,2
tm161804,MOVIE,1
tm1165219,MOVIE,1
tm166810,MOVIE,1
ts297132,SHOW,2
ts39112,SHOW,2
tm437221,MOVIE,1
tm91046,MOVIE,1
tm37153,MOVIE,1
tm172883,MOVIE,1
ts34087,SHOW,2
ts331680,SHOW,2
tm176128,MOVIE,1
tm100106,MOVIE,1
tm38013,MOVIE,1
tm93612,MOVIE,1
tm57610,MOVIE,1
tm1166429,MOVIE,1
tm169422,MOVIE,1
tm365122,MOVIE,1
ts9246,SHOW,2
tm178555,MOVIE,1
tm1171107,MOVIE,1
ts38159,SHOW,2
ts329699,SHOW,2
tm1168932,MOVIE,1
ts20556,SHOW,2
tm154797,MOVIE,1
ts329700,SHOW,2
tm39313,MOVIE,1
tm143085,MOVIE,1
tm172710,MOVIE,1
ts329711,SHOW,2
ts311987,SHOW,2
ts329885,SHOW,2
tm162592,MOVIE,1
ts20564,SHOW,2
ts331449,SHOW,2
ts330422,SHOW,2
tm1160938,MOVIE,1
ts330012,SHOW,2
ts292662,SHOW,2
tm1174856,MOVIE,1
ts330425,SHOW,2
ts33338,SHOW,2
tm924991,MOVIE,1
ts330402,SHOW,2
tm1174920,MOVIE,1
tm1174919,MOVIE,1
ts21580,SHOW,2
tm180532,MOVIE,1
ts42294,SHOW,2
ts331681,SHOW,2
ts333834,SHOW,2
tm1179176,MOVIE,1
tm178106,MOVIE,1
tm155102,MOVIE,1
tm104349,MOVIE,1
ts342479,SHOW,2
ts34921,SHOW,2
tm41792,MOVIE,1
tm630933,MOVIE,1
ts312044,SHOW,2
tm1185360,MOVIE,1
ts6,SHOW,2
tm239091,MOVIE,1
tm1185687,MOVIE,1
tm1183575,MOVIE,1
tm57382,MOVIE,1
tm420826,MOVIE,1
tm174190,MOVIE,1
ts21599,SHOW,2
tm172353,MOVIE,1
tm299741,MOVIE,1
tm176111,MOVIE,1
ts20458,SHOW,2
tm1185568,MOVIE,1
ts342732,SHOW,2
ts288536,SHOW,2
ts74765,SHOW,2
tm238748,MOVIE,1
tm233377,MOVIE,1
tm1043537,MOVIE,1
tm346943,MOVIE,1
ts23752,SHOW,2
tm1187638,MOVIE,1
ts23835,SHOW,2
tm167241,MOVIE,1
ts314164,SHOW,2
tm981945,MOVIE,1
ts343426,SHOW,2
tm1185421,MOVIE,1
ts344184,SHOW,2
tm1185506,MOVIE,1
ts343599,SHOW,2
ts340376,SHOW,2
tm1185374,MOVIE,1
tm1185367,MOVIE,1
tm161632,MOVIE,1
ts312984,SHOW,2
tm171042,MOVIE,1
tm161282,MOVIE,1
ts7708,SHOW,2
tm169053,MOVIE,1
ts345779,SHOW,2
tm178234,MOVIE,1
tm177958,MOVIE,1
tm139590,MOVIE,1
tm181533,MOVIE,1
ts321614,SHOW,2
tm71148,MOVIE,1
tm177258,MOVIE,1
tm160021,MOVIE,1
tm1188819,MOVIE,1
tm628693,MOVIE,1
tm1191019,MOVIE,1
ts346500,SHOW,2
ts346034,SHOW,2
tm1191860,MOVIE,1
tm164353,MOVIE,1
tm69915,MOVIE,1
tm120072,MOVIE,1
tm175909,MOVIE,1
tm30278,MOVIE,1
ts20500,SHOW,2
tm1200703,MOVIE,1
ts36647,SHOW,2
tm65765,MOVIE,1
ts346959,SHOW,2
tm869373,MOVIE,1
tm52062,MOVIE,1
tm172211,MOVIE,1
tm62210,MOVIE,1
tm176864,MOVIE,1
tm143227,MOVIE,1
ts8175,SHOW,2
tm187979,MOVIE,1
tm1204412,MOVIE,1
tm177044,MOVIE,1
tm316414,MOVIE,1
tm149578,MOVIE,1
tm204163,MOVIE,1
tm181270,MOVIE,1
tm139545,MOVIE,1
tm166628,MOVIE,1
tm74031,MOVIE,1
ts42914,SHOW,2
ts11151,SHOW,2
tm37573,MOVIE,1
tm165932,MOVIE,1
tm159623,MOVIE,1
tm181081,MOVIE,1
tm181856,MOVIE,1
ts34151,SHOW,2
tm182586,MOVIE,1
tm315255,MOVIE,1
tm59289,MOVIE,1
ts44663,SHOW,2
tm68436,MOVIE,1
ts20790,SHOW,2
tm164090,MOVIE,1
tm140877,MOVIE,1
ts278,SHOW,2
tm181366,MOVIE,1
tm212927,MOVIE,1
tm169128,MOVIE,1
tm184511,MOVIE,1
ts32835,SHOW,2
tm204035,MOVIE,1
tm176481,MOVIE,1
tm44615,MOVIE,1
tm39606,MOVIE,1
ts20281,SHOW,2
ts27468,SHOW,2
tm183176,MOVIE,1
tm140843,MOVIE,1
tm40860,MOVIE,1
ts27835,SHOW,2
tm145655,MOVIE,1
tm168400,MOVIE,1
tm171228,MOVIE,1
tm267112,MOVIE,1
tm34142,MOVIE,1
tm34746,MOVIE,1
tm176900,MOVIE,1
ts21081,SHOW,2
ts20280,SHOW,2
ts17598,SHOW,2
tm471878,MOVIE,1
tm224577,MOVIE,1
ts281927,SHOW,2
tm182322,MOVIE,1
tm53034,MOVIE,1
ts27680,SHOW,2
tm132273,MOVIE,1
tm180572,MOVIE,1
tm51412,MOVIE,1
tm175753,MOVIE,1
ts26776,SHOW,2
ts76614,SHOW,2
tm63368,MOVIE,1
tm443615,MOVIE,1
tm29400,MOVIE,1
tm69694,MOVIE,1
tm56296,MOVIE,1
ts19165,SHOW,2
tm53360,MOVIE,1
tm183805,MOVIE,1
tm72845,MOVIE,1
tm374313,MOVIE,1
ts20429,SHOW,2
tm42306,MOVIE,1
ts54102,SHOW,2
tm186408,MOVIE,1
tm66725,MOVIE,1
tm120108,MOVIE,1
ts37864,SHOW,2
tm177224,MOVIE,1
tm167342,MOVIE,1
tm47171,MOVIE,1
tm56734,MOVIE,1
tm28171,MOVIE,1
tm182429,MOVIE,1
ts43341,SHOW,2
ts20097,SHOW,2
tm60844,MOVIE,1
ts21806,SHOW,2
ts9794,SHOW,2
tm186054,MOVIE,1
ts18551,SHOW,2
tm165504,MOVIE,1
tm53829,MOVIE,1
tm147913,MOVIE,1
tm610571,MOVIE,1
tm349800,MOVIE,1
tm158692,MOVIE,1
ts167724,SHOW,2
tm183039,MOVIE,1
tm71992,MOVIE,1
ts22249,SHOW,2
tm33601,MOVIE,1
tm168685,MOVIE,1
tm38064,MOVIE,1
tm167944,MOVIE,1
tm180738,MOVIE,1
tm167107,MOVIE,1
tm54371,MOVIE,1
tm48579,MOVIE,1
ts20823,SHOW,2
tm143363,MOVIE,1
ts35282,SHOW,2
tm469911,MOVIE,1
tm59590,MOVIE,1
tm175812,MOVIE,1
tm152843,MOVIE,1
tm252609,MOVIE,1
tm434202,MOVIE,1
ts299485,SHOW,2
tm244148,MOVIE,1
tm38331,MOVIE,1
ts58137,SHOW,2
tm143299,MOVIE,1
tm53395,MOVIE,1
tm300615,MOVIE,1
tm151447,MOVIE,1
tm161525,MOVIE,1
ts87242,SHOW,2
tm242276,MOVIE,1
tm185736,MOVIE,1
tm57256,MOVIE,1
tm219259,MOVIE,1
tm208713,MOVIE,1
ts27586,SHOW,2
tm151807,MOVIE,1
ts21869,SHOW,2
ts35682,SHOW,2
ts20110,SHOW,2
ts57850,SHOW,2
tm219248,MOVIE,1
tm161562,MOVIE,1
tm37175,MOVIE,1
tm1082564,MOVIE,1
tm136601,MOVIE,1
tm171929,MOVIE,1
tm144121,MOVIE,1
tm214825,MOVIE,1
tm444017,MOVIE,1
tm187390,MOVIE,1
ts32060,SHOW,2
ts6879,SHOW,2
tm515157,MOVIE,1
tm54780,MOVIE,1
tm31739,MOVIE,1
ts296046,SHOW,2
ts33590,SHOW,2
ts16117,SHOW,2
tm49451,MOVIE,1
ts34066,SHOW,2
tm239286,MOVIE,1
tm31948,MOVIE,1
tm137693,MOVIE,1
ts39093,SHOW,2
ts20682,SHOW,2
tm327199,MOVIE,1
ts42062,SHOW,2
ts67797,SHOW,2
tm245176,MOVIE,1
tm243100,MOVIE,1
tm34646,MOVIE,1
tm60213,MOVIE,1
tm139564,MOVIE,1
tm142630,MOVIE,1
ts2727,SHOW,2
tm137002,MOVIE,1
ts20824,SHOW,2
ts19779,SHOW,2
tm179328,MOVIE,1
tm134516,MOVIE,1
ts8146,SHOW,2
ts44064,SHOW,2
tm175577,MOVIE,1
tm154729,MOVIE,1
tm179248,MOVIE,1
ts36631,SHOW,2
ts20248,SHOW,2
ts32218,SHOW,2
tm162259,MOVIE,1
tm135307,MOVIE,1
tm185208,MOVIE,1
tm244519,MOVIE,1
tm176553,MOVIE,1
tm221883,MOVIE,1
tm374132,MOVIE,1
ts521,SHOW,2
ts1639,SHOW,2
tm139841,MOVIE,1
tm143757,MOVIE,1
tm186161,MOVIE,1
tm188290,MOVIE,1
tm321627,MOVIE,1
tm178513,MOVIE,1
tm171891,MOVIE,1
ts34074,SHOW,2
tm185797,MOVIE,1
tm166723,MOVIE,1
ts20310,SHOW,2
ts39604,SHOW,2
ts53641,SHOW,2
tm598375,MOVIE,1
tm159362,MOVIE,1
tm175954,MOVIE,1
tm182275,MOVIE,1
tm183002,MOVIE,1
tm150033,MOVIE,1
tm139194,MOVIE,1
tm226948,MOVIE,1
tm151663,MOVIE,1
tm169054,MOVIE,1
tm172027,MOVIE,1
tm230551,MOVIE,1
tm234292,MOVIE,1
tm246810,MOVIE,1
tm180643,MOVIE,1
tm320144,MOVIE,1
tm260272,MOVIE,1
tm171965,MOVIE,1
tm147908,MOVIE,1
ts20709,SHOW,2
tm159296,MOVIE,1
ts20336,SHOW,2
tm285340,MOVIE,1
tm348010,MOVIE,1
tm183706,MOVIE,1
tm219173,MOVIE,1
tm155291,MOVIE,1
ts161737,SHOW,2
tm436844,MOVIE,1
tm157681,MOVIE,1
tm169294,MOVIE,1
tm151927,MOVIE,1
tm182227,MOVIE,1
ts20837,SHOW,2
ts87953,SHOW,2
tm169669,MOVIE,1
ts36127,SHOW,2
ts2161,SHOW,2
tm205684,MOVIE,1
tm188108,MOVIE,1
ts8,SHOW,2
tm183654,MOVIE,1
tm357479,MOVIE,1
ts160526,SHOW,2
tm138297,MOVIE,1
tm182969,MOVIE,1
ts32271,SHOW,2
tm237143,MOVIE,1
tm136061,MOVIE,1
ts4213,SHOW,2
tm2269,MOVIE,1
ts33840,SHOW,2
tm244758,MOVIE,1
ts22383,SHOW,2
ts11188,SHOW,2
tm471967,MOVIE,1
ts34950,SHOW,2
ts35253,SHOW,2
tm420797,MOVIE,1
ts20014,SHOW,2
tm181051,MOVIE,1
tm211478,MOVIE,1
tm158671,MOVIE,1
tm245937,MOVIE,1
tm918853,MOVIE,1
tm140436,MOVIE,1
tm178992,MOVIE,1
tm148457,MOVIE,1
tm139532,MOVIE,1
tm182580,MOVIE,1
tm310706,MOVIE,1
tm151860,MOVIE,1
ts21374,SHOW,2
tm197423,MOVIE,1
tm162271,MOVIE,1
tm211510,MOVIE,1
tm215339,MOVIE,1
ts22318,SHOW,2
tm150928,MOVIE,1
ts22445,SHOW,2
ts35354,SHOW,2
tm359713,MOVIE,1
tm285317,MOVIE,1
tm469399,MOVIE,1
tm881859,MOVIE,1
tm187505,MOVIE,1
ts158608,SHOW,2
ts56589,SHOW,2
tm163066,MOVIE,1
tm403346,MOVIE,1
tm456581,MOVIE,1
tm143984,MOVIE,1
ts10206,SHOW,2
tm208622,MOVIE,1
tm321224,MOVIE,1
tm156811,MOVIE,1
tm140911,MOVIE,1
tm143372,MOVIE,1
tm227940,MOVIE,1
tm153055,MOVIE,1
ts20288,SHOW,2
ts21885,SHOW,2
tm587320,MOVIE,1
tm187118,MOVIE,1
tm146144,MOVIE,1
tm362198,MOVIE,1
tm200690,MOVIE,1
tm148910,MOVIE,1
tm363787,MOVIE,1
ts14583,SHOW,2
tm375547,MOVIE,1
tm232464,MOVIE,1
tm153164,MOVIE,1
tm196296,MOVIE,1
tm217986,MOVIE,1
tm148976,MOVIE,1
tm138431,MOVIE,1
tm147405,MOVIE,1
tm138905,MOVIE,1
tm200926,MOVIE,1
tm352774,MOVIE,1
tm70528,MOVIE,1
tm219699,MOVIE,1
tm159819,MOVIE,1
tm300054,MOVIE,1
tm157286,MOVIE,1
tm151210,MOVIE,1
tm158546,MOVIE,1
ts16045,SHOW,2
tm157283,MOVIE,1
tm152904,MOVIE,1
ts20261,SHOW,2
tm324155,MOVIE,1
ts21981,SHOW,2
tm145791,MOVIE,1
tm232500,MOVIE,1
tm218683,MOVIE,1
ts21867,SHOW,2
ts1413,SHOW,2
tm201906,MOVIE,1
tm434553,MOVIE,1
tm158980,MOVIE,1
tm193769,MOVIE,1
ts21368,SHOW,2
ts21367,SHOW,2
tm195209,MOVIE,1
tm159094,MOVIE,1
tm155051,MOVIE,1
tm149541,MOVIE,1
ts54110,SHOW,2
ts20108,SHOW,2
ts20883,SHOW,2
ts35596,SHOW,2
tm155014,MOVIE,1
tm228574,MOVIE,1
ts35987,SHOW,2
tm135106,MOVIE,1
ts35251,SHOW,2
tm142881,MOVIE,1
tm158302,MOVIE,1
tm234136,MOVIE,1
tm317566,MOVIE,1
tm992844,MOVIE,1
tm218186,MOVIE,1
tm357552,MOVIE,1
tm160034,MOVIE,1
tm207668,MOVIE,1
tm411958,MOVIE,1
ts58010,SHOW,2
tm139922,MOVIE,1
tm157461,MOVIE,1
ts35505,SHOW,2
tm158436,MOVIE,1
tm219258,MOVIE,1
tm135543,MOVIE,1
tm376234,MOVIE,1
tm144541,MOVIE,1
tm215911,MOVIE,1
tm177645,MOVIE,1
ts41490,SHOW,2
tm230927,MOVIE,1
tm428073,MOVIE,1
ts43119,SHOW,2
tm266666,MOVIE,1
ts20292,SHOW,2
tm59372,MOVIE,1
tm841797,MOVIE,1
tm368725,MOVIE,1
tm196125,MOVIE,1
tm144046,MOVIE,1
tm142852,MOVIE,1
tm145627,MOVIE,1
tm412623,MOVIE,1
tm201365,MOVIE,1
ts3799,SHOW,2
ts11670,SHOW,2
tm202914,MOVIE,1
tm236725,MOVIE,1
tm200126,MOVIE,1
tm149038,MOVIE,1
tm138792,MOVIE,1
tm136465,MOVIE,1
tm145658,MOVIE,1
ts38090,SHOW,2
tm916405,MOVIE,1
tm212909,MOVIE,1
ts78325,SHOW,2
ts27875,SHOW,2
ts20791,SHOW,2
tm410435,MOVIE,1
tm148662,MOVIE,1
tm460055,MOVIE,1
tm241998,MOVIE,1
tm232855,MOVIE,1
tm307283,MOVIE,1
ts36015,SHOW,2
ts20351,SHOW,2
ts75157,SHOW,2
ts35244,SHOW,2
tm148597,MOVIE,1
ts22426,SHOW,2
tm577690,MOVIE,1
tm145216,MOVIE,1
tm134791,MOVIE,1
ts37187,SHOW,2
ts21986,SHOW,2
tm443179,MOVIE,1
ts314002,SHOW,2
ts35360,SHOW,2
ts35554,SHOW,2
tm205812,MOVIE,1
tm144451,MOVIE,1
tm138280,MOVIE,1
tm149914,MOVIE,1
tm426274,MOVIE,1
tm244381,MOVIE,1
tm244174,MOVIE,1
tm328443,MOVIE,1
tm149747,MOVIE,1
tm195764,MOVIE,1
tm214085,MOVIE,1
ts36983,SHOW,2
tm880059,MOVIE,1
tm134052,MOVIE,1
ts38764,SHOW,2
tm435086,MOVIE,1
tm227044,MOVIE,1
ts35563,SHOW,2
tm233465,MOVIE,1
tm235405,MOVIE,1
tm150962,MOVIE,1
ts35570,SHOW,2
ts36147,SHOW,2
ts38511,SHOW,2
tm244364,MOVIE,1
tm193378,MOVIE,1
tm155507,MOVIE,1
tm233485,MOVIE,1
tm193388,MOVIE,1
ts36129,SHOW,2
tm348393,MOVIE,1
tm147518,MOVIE,1
tm322200,MOVIE,1
tm231314,MOVIE,1
tm208628,MOVIE,1
ts56201,SHOW,2
tm426428,MOVIE,1
tm307774,MOVIE,1
tm233533,MOVIE,1
tm449105,MOVIE,1
tm279585,MOVIE,1
tm209037,MOVIE,1
ts42687,SHOW,2
tm195870,MOVIE,1
tm244197,MOVIE,1
tm1883,MOVIE,1
tm197806,MOVIE,1
tm233521,MOVIE,1
tm149212,MOVIE,1
ts35463,SHOW,2
tm244559,MOVIE,1
tm136036,MOVIE,1
tm250364,MOVIE,1
tm571645,MOVIE,1
ts75104,SHOW,2
tm199607,MOVIE,1
ts36577,SHOW,2
tm571805,MOVIE,1
tm238661,MOVIE,1
ts41975,SHOW,2
tm137557,MOVIE,1
ts36885,SHOW,2
tm144021,MOVIE,1
tm175843,MOVIE,1
ts36177,SHOW,2
ts37464,SHOW,2
ts37779,SHOW,2
tm227922,MOVIE,1
tm219739,MOVIE,1
tm157609,MOVIE,1
tm315344,MOVIE,1
tm146657,MOVIE,1
tm136321,MOVIE,1
tm138614,MOVIE,1
ts83535,SHOW,2
tm242646,MOVIE,1
tm245724,MOVIE,1
tm157783,MOVIE,1
tm280828,MOVIE,1
tm359978,MOVIE,1
tm232950,MOVIE,1
ts20781,SHOW,2
ts38199,SHOW,2
tm199408,MOVIE,1
tm884511,MOVIE,1
tm200454,MOVIE,1
tm233214,MOVIE,1
tm313683,MOVIE,1
ts37866,SHOW,2
tm159701,MOVIE,1
ts35256,SHOW,2
ts12444,SHOW,2
tm232965,MOVIE,1
tm374656,MOVIE,1
ts42168,SHOW,2
tm837756,MOVIE,1
tm198842,MOVIE,1
ts36856,SHOW,2
tm138667,MOVIE,1
tm446574,MOVIE,1
tm447963,MOVIE,1
tm197503,MOVIE,1
tm350,MOVIE,1
tm234773,MOVIE,1
tm368729,MOVIE,1
tm138584,MOVIE,1
tm346939,MOVIE,1
ts35775,SHOW,2
tm151716,MOVIE,1
ts35359,SHOW,2
ts41294,SHOW,2
tm211424,MOVIE,1
tm469510,MOVIE,1
tm352588,MOVIE,1
ts42371,SHOW,2
tm206698,MOVIE,1
ts37944,SHOW,2
tm247631,MOVIE,1
tm198786,MOVIE,1
ts42477,SHOW,2
tm311494,MOVIE,1
ts32561,SHOW,2
tm170919,MOVIE,1
tm193125,MOVIE,1
tm205935,MOVIE,1
tm217939,MOVIE,1
tm363181,MOVIE,1
tm220473,MOVIE,1
tm234735,MOVIE,1
tm428453,MOVIE,1
tm233015,MOVIE,1
tm143642,MOVIE,1
ts36545,SHOW,2
tm233843,MOVIE,1
tm218052,MOVIE,1
tm240162,MOVIE,1
tm230426,MOVIE,1
tm828069,MOVIE,1
tm270987,MOVIE,1
tm201855,MOVIE,1
tm144557,MOVIE,1
tm206512,MOVIE,1
tm1073510,MOVIE,1
tm849102,MOVIE,1
tm205333,MOVIE,1
tm205437,MOVIE,1
tm211571,MOVIE,1
ts37539,SHOW,2
tm220317,MOVIE,1
ts35362,SHOW,2
tm407961,MOVIE,1
tm198496,MOVIE,1
ts35406,SHOW,2
ts36550,SHOW,2
tm228242,MOVIE,1
tm311319,MOVIE,1
ts144527,SHOW,2
tm239727,MOVIE,1
tm367264,MOVIE,1
ts74809,SHOW,2
tm244220,MOVIE,1
tm244507,MOVIE,1
ts53664,SHOW,2
ts36741,SHOW,2
ts75833,SHOW,2
ts18653,SHOW,2
tm244233,MOVIE,1
tm208903,MOVIE,1
tm232953,MOVIE,1
ts38796,SHOW,2
ts54117,SHOW,2
tm1028298,MOVIE,1
ts36046,SHOW,2
ts38809,SHOW,2
tm367250,MOVIE,1
ts74929,SHOW,2
ts52943,SHOW,2
ts76743,SHOW,2
tm207734,MOVIE,1
tm152273,MOVIE,1
tm238587,MOVIE,1
tm214589,MOVIE,1
tm236999,MOVIE,1
tm210043,MOVIE,1
ts37971,SHOW,2
ts53051,SHOW,2
tm246543,MOVIE,1
tm225275,MOVIE,1
ts82979,SHOW,2
tm205890,MOVIE,1
ts88485,SHOW,2
tm271070,MOVIE,1
ts37490,SHOW,2
tm562821,MOVIE,1
tm209987,MOVIE,1
tm209950,MOVIE,1
tm244332,MOVIE,1
tm219233,MOVIE,1
tm232832,MOVIE,1
tm247396,MOVIE,1
tm321295,MOVIE,1
ts36952,SHOW,2
tm239769,MOVIE,1
ts36547,SHOW,2
ts77654,SHOW,2
ts35793,SHOW,2
tm238722,MOVIE,1
tm241314,MOVIE,1
tm211461,MOVIE,1
ts38415,SHOW,2
tm413660,MOVIE,1
tm232579,MOVIE,1
tm345225,MOVIE,1
ts38731,SHOW,2
tm211273,MOVIE,1
tm321596,MOVIE,1
ts38805,SHOW,2
tm324820,MOVIE,1
tm233345,MOVIE,1
tm351938,MOVIE,1
tm375883,MOVIE,1
tm309903,MOVIE,1
tm244513,MOVIE,1
tm1064228,MOVIE,1
tm275004,MOVIE,1
tm558730,MOVIE,1
ts3844,SHOW,2
tm233294,MOVIE,1
tm233482,MOVIE,1
ts37896,SHOW,2
tm238377,MOVIE,1
ts33349,SHOW,2
tm358666,MOVIE,1
tm213681,MOVIE,1
tm239707,MOVIE,1
tm244635,MOVIE,1
tm927037,MOVIE,1
ts78299,SHOW,2
ts42069,SHOW,2
tm233157,MOVIE,1
tm234466,MOVIE,1
ts38770,SHOW,2
ts43272,SHOW,2
tm283938,MOVIE,1
tm270504,MOVIE,1
tm271960,MOVIE,1
ts37143,SHOW,2
tm436778,MOVIE,1
tm137530,MOVIE,1
tm233366,MOVIE,1
ts79799,SHOW,2
tm321785,MOVIE,1
ts25252,SHOW,2
ts39015,SHOW,2
tm215054,MOVIE,1
tm317110,MOVIE,1
tm225416,MOVIE,1
tm233570,MOVIE,1
tm311789,MOVIE,1
tm932595,MOVIE,1
tm225308,MOVIE,1
tm221953,MOVIE,1
tm239743,MOVIE,1
tm308090,MOVIE,1
ts43258,SHOW,2
tm239774,MOVIE,1
tm267401,MOVIE,1
ts57964,SHOW,2
tm424074,MOVIE,1
ts36740,SHOW,2
tm244915,MOVIE,1
ts38710,SHOW,2
tm417496,MOVIE,1
ts90937,SHOW,2
tm285356,MOVIE,1
tm203056,MOVIE,1
tm225693,MOVIE,1
tm233344,MOVIE,1
tm244638,MOVIE,1
tm270999,MOVIE,1
tm307767,MOVIE,1
tm220594,MOVIE,1
tm244196,MOVIE,1
ts52838,SHOW,2
tm263427,MOVIE,1
tm344989,MOVIE,1
tm219817,MOVIE,1
tm243121,MOVIE,1
ts53099,SHOW,2
tm246175,MOVIE,1
tm233484,MOVIE,1
tm245155,MOVIE,1
tm285649,MOVIE,1
tm224377,MOVIE,1
tm231911,MOVIE,1
tm275800,MOVIE,1
ts58152,SHOW,2
tm242705,MOVIE,1
ts56481,SHOW,2
ts41766,SHOW,2
tm244229,MOVIE,1
tm242687,MOVIE,1
tm233023,MOVIE,1
ts42119,SHOW,2
tm439365,MOVIE,1
tm224255,MOVIE,1
ts38568,SHOW,2
ts38783,SHOW,2
tm233493,MOVIE,1
tm245293,MOVIE,1
tm234703,MOVIE,1
tm274053,MOVIE,1
ts43230,SHOW,2
ts41149,SHOW,2
tm245297,MOVIE,1
tm299396,MOVIE,1
tm232797,MOVIE,1
tm298339,MOVIE,1
ts56674,SHOW,2
tm239676,MOVIE,1
tm242108,MOVIE,1
tm285295,MOVIE,1
tm554110,MOVIE,1
tm181550,MOVIE,1
tm225675,MOVIE,1
ts55533,SHOW,2
ts35963,SHOW,2
ts42077,SHOW,2
tm299677,MOVIE,1
tm244880,MOVIE,1
tm238486,MOVIE,1
tm245235,MOVIE,1
ts83810,SHOW,2
tm229542,MOVIE,1
ts53864,SHOW,2
tm232090,MOVIE,1
tm245671,MOVIE,1
tm244300,MOVIE,1
ts75829,SHOW,2
tm245722,MOVIE,1
tm233648,MOVIE,1
tm240733,MOVIE,1
tm554944,MOVIE,1
ts56480,SHOW,2
tm156397,MOVIE,1
tm147082,MOVIE,1
tm248010,MOVIE,1
tm234069,MOVIE,1
tm132524,MOVIE,1
tm316658,MOVIE,1
tm292837,MOVIE,1
tm452826,MOVIE,1
ts38230,SHOW,2
tm245102,MOVIE,1
tm243931,MOVIE,1
tm244192,MOVIE,1
tm318641,MOVIE,1
tm239733,MOVIE,1
tm239762,MOVIE,1
tm319882,MOVIE,1
tm233362,MOVIE,1
tm272854,MOVIE,1
tm266702,MOVIE,1
tm840936,MOVIE,1
tm244473,MOVIE,1
tm409766,MOVIE,1
tm1021871,MOVIE,1
tm246579,MOVIE,1
ts137477,SHOW,2
tm233561,MOVIE,1
tm299504,MOVIE,1
ts57327,SHOW,2
ts43501,SHOW,2
ts37660,SHOW,2
tm267017,MOVIE,1
tm247644,MOVIE,1
ts38204,SHOW,2
tm233121,MOVIE,1
ts39017,SHOW,2
ts42655,SHOW,2
ts39007,SHOW,2
ts76417,SHOW,2
tm240895,MOVIE,1
tm849005,MOVIE,1
tm155382,MOVIE,1
tm233360,MOVIE,1
ts54054,SHOW,2
tm233196,MOVIE,1
tm245383,MOVIE,1
tm232710,MOVIE,1
ts42628,SHOW,2
tm431769,MOVIE,1
ts55556,SHOW,2
ts77398,SHOW,2
tm257629,MOVIE,1
tm313988,MOVIE,1
ts42347,SHOW,2
ts35577,SHOW,2
tm232947,MOVIE,1
tm227042,MOVIE,1
tm886360,MOVIE,1
tm420745,MOVIE,1
tm233544,MOVIE,1
tm70652,MOVIE,1
ts42169,SHOW,2
tm290157,MOVIE,1
tm305437,MOVIE,1
tm280060,MOVIE,1
ts38734,SHOW,2
tm242765,MOVIE,1
tm226320,MOVIE,1
tm421855,MOVIE,1
ts42260,SHOW,2
tm232954,MOVIE,1
tm236659,MOVIE,1
tm230478,MOVIE,1
tm309251,MOVIE,1
ts42405,SHOW,2
tm232930,MOVIE,1
tm244521,MOVIE,1
tm355783,MOVIE,1
ts42170,SHOW,2
ts41956,SHOW,2
ts41151,SHOW,2
ts42075,SHOW,2
tm299381,MOVIE,1
tm412550,MOVIE,1
tm549892,MOVIE,1
ts43209,SHOW,2
tm247444,MOVIE,1
tm233425,MOVIE,1
ts42257,SHOW,2
tm308241,MOVIE,1
ts77755,SHOW,2
ts56045,SHOW,2
tm471802,MOVIE,1
ts87591,SHOW,2
ts53198,SHOW,2
tm232267,MOVIE,1
tm239290,MOVIE,1
tm224275,MOVIE,1
tm1150800,MOVIE,1
ts38116,SHOW,2
ts38512,SHOW,2
tm247767,MOVIE,1
ts74753,SHOW,2
tm307997,MOVIE,1
tm232931,MOVIE,1
tm327551,MOVIE,1
tm247159,MOVIE,1
tm310899,MOVIE,1
ts72247,SHOW,2
tm233616,MOVIE,1
tm327053,MOVIE,1
tm243326,MOVIE,1
tm375007,MOVIE,1
ts53023,SHOW,2
ts55982,SHOW,2
tm239927,MOVIE,1
tm361588,MOVIE,1
ts52830,SHOW,2
tm238717,MOVIE,1
tm299764,MOVIE,1
tm321073,MOVIE,1
tm240728,MOVIE,1
ts75324,SHOW,2
tm294581,MOVIE,1
ts38757,SHOW,2
ts42089,SHOW,2
tm244287,MOVIE,1
tm245378,MOVIE,1
tm307515,MOVIE,1
tm376111,MOVIE,1
tm267135,MOVIE,1
ts41527,SHOW,2
tm328041,MOVIE,1
tm245791,MOVIE,1
ts75151,SHOW,2
tm267948,MOVIE,1
tm244307,MOVIE,1
ts38717,SHOW,2
tm428702,MOVIE,1
ts249161,SHOW,2
ts41913,SHOW,2
tm244206,MOVIE,1
ts38758,SHOW,2
tm326723,MOVIE,1
tm244368,MOVIE,1
ts307925,SHOW,2
tm429984,MOVIE,1
tm307910,MOVIE,1
ts85732,SHOW,2
ts55798,SHOW,2
ts38703,SHOW,2
tm236705,MOVIE,1
tm314939,MOVIE,1
ts41963,SHOW,2
tm434625,MOVIE,1
tm1063652,MOVIE,1
ts57303,SHOW,2
tm363248,MOVIE,1
tm242002,MOVIE,1
tm371630,MOVIE,1
tm285171,MOVIE,1
ts75097,SHOW,2
tm407295,MOVIE,1
ts53545,SHOW,2
ts42137,SHOW,2
tm350374,MOVIE,1
tm345767,MOVIE,1
tm244191,MOVIE,1
tm351101,MOVIE,1
tm242422,MOVIE,1
tm239683,MOVIE,1
tm246056,MOVIE,1
tm818786,MOVIE,1
ts41485,SHOW,2
ts74962,SHOW,2
tm298084,MOVIE,1
tm914535,MOVIE,1
ts58133,SHOW,2
ts41289,SHOW,2
ts78324,SHOW,2
ts45996,SHOW,2
tm314272,MOVIE,1
tm287684,MOVIE,1
tm431275,MOVIE,1
tm244403,MOVIE,1
ts42120,SHOW,2
tm424879,MOVIE,1
tm300713,MOVIE,1
tm239739,MOVIE,1
tm244321,MOVIE,1
ts74823,SHOW,2
ts52821,SHOW,2
ts38769,SHOW,2
tm374454,MOVIE,1
ts55223,SHOW,2
tm354644,MOVIE,1
ts56511,SHOW,2
ts66540,SHOW,2
ts42218,SHOW,2
ts56032,SHOW,2
ts38761,SHOW,2
tm244923,MOVIE,1
tm460259,MOVIE,1
tm310953,MOVIE,1
tm409618,MOVIE,1
ts38772,SHOW,2
tm361746,MOVIE,1
tm330869,MOVIE,1
ts42127,SHOW,2
tm266705,MOVIE,1
ts78442,SHOW,2
ts83224,SHOW,2
tm245911,MOVIE,1
ts54050,SHOW,2
ts39016,SHOW,2
ts55962,SHOW,2
tm323634,MOVIE,1
tm239947,MOVIE,1
tm270982,MOVIE,1
tm540757,MOVIE,1
tm321703,MOVIE,1
ts53693,SHOW,2
ts57300,SHOW,2
tm346467,MOVIE,1
tm366227,MOVIE,1
ts53076,SHOW,2
ts78246,SHOW,2
tm275437,MOVIE,1
tm287041,MOVIE,1
tm311456,MOVIE,1
tm312577,MOVIE,1
tm311921,MOVIE,1
tm257141,MOVIE,1
ts55668,SHOW,2
tm272666,MOVIE,1
tm244380,MOVIE,1
ts42155,SHOW,2
ts41258,SHOW,2
ts131579,SHOW,2
ts57822,SHOW,2
ts55348,SHOW,2
ts287559,SHOW,2
tm315174,MOVIE,1
tm242736,MOVIE,1
ts53166,SHOW,2
tm366567,MOVIE,1
tm307761,MOVIE,1
tm253080,MOVIE,1
tm411311,MOVIE,1
tm295177,MOVIE,1
tm284015,MOVIE,1
tm538868,MOVIE,1
tm285329,MOVIE,1
tm444247,MOVIE,1
tm327652,MOVIE,1
ts58297,SHOW,2
tm270895,MOVIE,1
tm245042,MOVIE,1
tm283559,MOVIE,1
tm464662,MOVIE,1
tm314477,MOVIE,1
tm245050,MOVIE,1
tm358746,MOVIE,1
ts74917,SHOW,2
tm285107,MOVIE,1
tm540277,MOVIE,1
tm242887,MOVIE,1
ts42022,SHOW,2
tm864480,MOVIE,1
ts56221,SHOW,2
tm240076,MOVIE,1
tm233463,MOVIE,1
ts52829,SHOW,2
ts55559,SHOW,2
tm458326,MOVIE,1
tm245148,MOVIE,1
tm327540,MOVIE,1
tm271974,MOVIE,1
ts41260,SHOW,2
tm426638,MOVIE,1
tm273933,MOVIE,1
ts42090,SHOW,2
ts41154,SHOW,2
tm428557,MOVIE,1
tm286532,MOVIE,1
tm307612,MOVIE,1
ts54100,SHOW,2
tm242906,MOVIE,1
tm350607,MOVIE,1
ts56748,SHOW,2
ts56594,SHOW,2
tm244079,MOVIE,1
tm244842,MOVIE,1
tm266685,MOVIE,1
tm244788,MOVIE,1
ts39014,SHOW,2
tm474695,MOVIE,1
ts70529,SHOW,2
ts82268,SHOW,2
tm411508,MOVIE,1
ts47714,SHOW,2
tm253083,MOVIE,1
ts51368,SHOW,2
tm312738,MOVIE,1
tm316567,MOVIE,1
tm245271,MOVIE,1
tm319310,MOVIE,1
tm319470,MOVIE,1
ts51367,SHOW,2
tm366019,MOVIE,1
tm239764,MOVIE,1
tm266629,MOVIE,1
tm244292,MOVIE,1
tm307133,MOVIE,1
tm247642,MOVIE,1
tm270490,MOVIE,1
tm270555,MOVIE,1
ts129445,SHOW,2
ts9075,SHOW,2
tm344886,MOVIE,1
tm311995,MOVIE,1
tm239933,MOVIE,1
tm315584,MOVIE,1
tm266652,MOVIE,1
tm298846,MOVIE,1
tm466426,MOVIE,1
ts42011,SHOW,2
tm307751,MOVIE,1
tm375681,MOVIE,1
ts57082,SHOW,2
tm263743,MOVIE,1
tm327622,MOVIE,1
ts38813,SHOW,2
tm446581,MOVIE,1
tm461907,MOVIE,1
tm235553,MOVIE,1
tm267419,MOVIE,1
ts55194,SHOW,2
tm406881,MOVIE,1
ts53155,SHOW,2
ts75897,SHOW,2
tm278279,MOVIE,1
ts57055,SHOW,2
ts86021,SHOW,2
ts56683,SHOW,2
ts52981,SHOW,2
tm285298,MOVIE,1
tm320211,MOVIE,1
ts128422,SHOW,2
tm299783,MOVIE,1
tm326773,MOVIE,1
ts36634,SHOW,2
tm299761,MOVIE,1
tm927718,MOVIE,1
tm372305,MOVIE,1
tm533845,MOVIE,1
ts86831,SHOW,2
ts42043,SHOW,2
ts75286,SHOW,2
tm469432,MOVIE,1
tm426630,MOVIE,1
tm321189,MOVIE,1
tm348392,MOVIE,1
tm348386,MOVIE,1
tm266622,MOVIE,1
ts54156,SHOW,2
tm271333,MOVIE,1
ts57464,SHOW,2
tm423950,MOVIE,1
tm286520,MOVIE,1
ts41253,SHOW,2
ts83449,SHOW,2
tm244577,MOVIE,1
tm316923,MOVIE,1
tm336227,MOVIE,1
tm414285,MOVIE,1
tm242755,MOVIE,1
tm300184,MOVIE,1
ts57439,SHOW,2
tm307776,MOVIE,1
tm416779,MOVIE,1
tm272012,MOVIE,1
tm421382,MOVIE,1
tm315340,MOVIE,1
tm320206,MOVIE,1
tm369179,MOVIE,1
ts55484,SHOW,2
tm300027,MOVIE,1
tm358770,MOVIE,1
ts57465,SHOW,2
tm417317,MOVIE,1
ts21876,SHOW,2
ts55627,SHOW,2
ts57947,SHOW,2
ts53960,SHOW,2
tm371959,MOVIE,1
tm244317,MOVIE,1
ts53663,SHOW,2
tm359030,MOVIE,1
tm283322,MOVIE,1
tm355941,MOVIE,1
tm273294,MOVIE,1
ts128895,SHOW,2
tm324870,MOVIE,1
tm288499,MOVIE,1
tm458363,MOVIE,1
tm450095,MOVIE,1
tm311898,MOVIE,1
tm289882,MOVIE,1
ts127430,SHOW,2
tm307843,MOVIE,1
ts53149,SHOW,2
tm309115,MOVIE,1
tm305433,MOVIE,1
tm290831,MOVIE,1
tm334949,MOVIE,1
ts56636,SHOW,2
tm331117,MOVIE,1
tm300447,MOVIE,1
tm355666,MOVIE,1
tm313293,MOVIE,1
tm244259,MOVIE,1
ts20238,SHOW,2
tm351720,MOVIE,1
tm219252,MOVIE,1
tm324278,MOVIE,1
ts81542,SHOW,2
tm348403,MOVIE,1
tm420181,MOVIE,1
tm323602,MOVIE,1
tm350379,MOVIE,1
tm300056,MOVIE,1
tm350727,MOVIE,1
tm353742,MOVIE,1
tm272484,MOVIE,1
ts41899,SHOW,2
tm271959,MOVIE,1
ts53101,SHOW,2
ts53065,SHOW,2
tm462551,MOVIE,1
tm282915,MOVIE,1
ts76159,SHOW,2
ts53516,SHOW,2
tm411415,MOVIE,1
tm271951,MOVIE,1
tm271839,MOVIE,1
tm316744,MOVIE,1
tm371900,MOVIE,1
tm431214,MOVIE,1
ts53287,SHOW,2
ts78231,SHOW,2
ts38304,SHOW,2
tm349278,MOVIE,1
ts52922,SHOW,2
ts52988,SHOW,2
tm450478,MOVIE,1
tm463385,MOVIE,1
ts53264,SHOW,2
tm272413,MOVIE,1
ts76243,SHOW,2
tm1121246,MOVIE,1
tm321628,MOVIE,1
tm320249,MOVIE,1
tm275726,MOVIE,1
tm324204,MOVIE,1
tm283909,MOVIE,1
tm279828,MOVIE,1
tm326089,MOVIE,1
ts53513,SHOW,2
ts69208,SHOW,2
tm1172600,MOVIE,1
tm340927,MOVIE,1
tm451502,MOVIE,1
ts75320,SHOW,2
ts126804,SHOW,2
tm348003,MOVIE,1
tm315345,MOVIE,1
tm428856,MOVIE,1
tm244052,MOVIE,1
ts77197,SHOW,2
ts99814,SHOW,2
ts55936,SHOW,2
tm281182,MOVIE,1
tm290444,MOVIE,1
ts55978,SHOW,2
tm370212,MOVIE,1
tm376903,MOVIE,1
ts81898,SHOW,2
ts56969,SHOW,2
tm417055,MOVIE,1
tm894254,MOVIE,1
tm282910,MOVIE,1
tm294696,MOVIE,1
ts41948,SHOW,2
tm346334,MOVIE,1
tm306811,MOVIE,1
tm313120,MOVIE,1
tm311815,MOVIE,1
tm314295,MOVIE,1
tm323300,MOVIE,1
tm320785,MOVIE,1
ts55231,SHOW,2
ts56670,SHOW,2
tm530822,MOVIE,1
tm319512,MOVIE,1
tm314863,MOVIE,1
tm344336,MOVIE,1
tm347095,MOVIE,1
tm414340,MOVIE,1
tm413558,MOVIE,1
tm279017,MOVIE,1
tm368350,MOVIE,1
tm372662,MOVIE,1
tm344562,MOVIE,1
tm347060,MOVIE,1
ts52825,SHOW,2
ts41906,SHOW,2
tm339197,MOVIE,1
tm348073,MOVIE,1
ts32460,SHOW,2
ts82189,SHOW,2
tm281935,MOVIE,1
tm434830,MOVIE,1
tm313487,MOVIE,1
ts53346,SHOW,2
tm457296,MOVIE,1
tm296203,MOVIE,1
ts75620,SHOW,2
ts83999,SHOW,2
ts55581,SHOW,2
tm349656,MOVIE,1
tm285712,MOVIE,1
tm368449,MOVIE,1
ts81208,SHOW,2
tm325650,MOVIE,1
tm289181,MOVIE,1
ts81027,SHOW,2
tm327951,MOVIE,1
tm425889,MOVIE,1
tm529723,MOVIE,1
tm529733,MOVIE,1
tm175364,MOVIE,1
tm481846,MOVIE,1
tm250247,MOVIE,1
tm528287,MOVIE,1
tm372066,MOVIE,1
ts53106,SHOW,2
ts58307,SHOW,2
tm451222,MOVIE,1
tm404690,MOVIE,1
ts57811,SHOW,2
tm370447,MOVIE,1
ts56993,SHOW,2
tm376739,MOVIE,1
tm314677,MOVIE,1
tm293867,MOVIE,1
tm481594,MOVIE,1
tm481509,MOVIE,1
tm528044,MOVIE,1
tm528043,MOVIE,1
tm200838,MOVIE,1
tm362121,MOVIE,1
tm461366,MOVIE,1
tm228839,MOVIE,1
tm298779,MOVIE,1
tm366590,MOVIE,1
ts55966,SHOW,2
ts55491,SHOW,2
ts56768,SHOW,2
tm497383,MOVIE,1
tm336712,MOVIE,1
ts57148,SHOW,2
tm424898,MOVIE,1
tm417416,MOVIE,1
ts87465,SHOW,2
ts57120,SHOW,2
tm286268,MOVIE,1
tm295349,MOVIE,1
ts53936,SHOW,2
tm416620,MOVIE,1
tm320817,MOVIE,1
tm425732,MOVIE,1
tm430459,MOVIE,1
ts82302,SHOW,2
ts53399,SHOW,2
ts124246,SHOW,2
tm318200,MOVIE,1
tm414709,MOVIE,1
ts56125,SHOW,2
ts75341,SHOW,2
tm305227,MOVIE,1
tm408890,MOVIE,1
tm359658,MOVIE,1
tm1019177,MOVIE,1
ts83450,SHOW,2
tm902330,MOVIE,1
tm326624,MOVIE,1
tm426994,MOVIE,1
tm814861,MOVIE,1
tm447159,MOVIE,1
tm306301,MOVIE,1
ts56261,SHOW,2
ts55781,SHOW,2
tm439854,MOVIE,1
tm315424,MOVIE,1
tm317491,MOVIE,1
ts84398,SHOW,2
tm313472,MOVIE,1
tm306680,MOVIE,1
ts75879,SHOW,2
ts84555,SHOW,2
tm365824,MOVIE,1
tm375446,MOVIE,1
tm418870,MOVIE,1
tm449262,MOVIE,1
tm526163,MOVIE,1
tm311193,MOVIE,1
tm307551,MOVIE,1
tm437379,MOVIE,1
tm351931,MOVIE,1
tm481620,MOVIE,1
tm1077037,MOVIE,1
tm1077038,MOVIE,1
tm307698,MOVIE,1
tm316731,MOVIE,1
tm420656,MOVIE,1
tm299771,MOVIE,1
tm299790,MOVIE,1
tm313118,MOVIE,1
ts57424,SHOW,2
tm456156,MOVIE,1
ts75164,SHOW,2
tm306631,MOVIE,1
tm525645,MOVIE,1
tm307383,MOVIE,1
tm949309,MOVIE,1
tm241990,MOVIE,1
tm325433,MOVIE,1
ts83239,SHOW,2
ts55645,SHOW,2
ts54022,SHOW,2
tm365961,MOVIE,1
ts55576,SHOW,2
tm366245,MOVIE,1
tm348467,MOVIE,1
ts75981,SHOW,2
tm315850,MOVIE,1
tm358609,MOVIE,1
ts79020,SHOW,2
tm415245,MOVIE,1
tm307950,MOVIE,1
tm443154,MOVIE,1
ts55762,SHOW,2
tm432313,MOVIE,1
tm311283,MOVIE,1
ts76458,SHOW,2
tm295558,MOVIE,1
tm319477,MOVIE,1
ts82192,SHOW,2
tm413418,MOVIE,1
tm442199,MOVIE,1
tm315348,MOVIE,1
tm356742,MOVIE,1
ts78356,SHOW,2
ts76865,SHOW,2
tm409220,MOVIE,1
tm311902,MOVIE,1
tm1028083,MOVIE,1
tm414341,MOVIE,1
tm411313,MOVIE,1
tm319818,MOVIE,1
tm320756,MOVIE,1
tm246485,MOVIE,1
tm481189,MOVIE,1
tm481188,MOVIE,1
ts75012,SHOW,2
tm320489,MOVIE,1
tm314138,MOVIE,1
ts56718,SHOW,2
tm340587,MOVIE,1
tm427293,MOVIE,1
ts53543,SHOW,2
tm429163,MOVIE,1
tm1120937,MOVIE,1
tm453903,MOVIE,1
ts32752,SHOW,2
tm372054,MOVIE,1
tm367473,MOVIE,1
tm1064065,MOVIE,1
tm314829,MOVIE,1
ts78452,SHOW,2
ts80519,SHOW,2
tm319224,MOVIE,1
tm313974,MOVIE,1
ts76079,SHOW,2
tm416458,MOVIE,1
tm314705,MOVIE,1
tm412515,MOVIE,1
tm318492,MOVIE,1
tm317274,MOVIE,1
tm370436,MOVIE,1
tm273600,MOVIE,1
ts78430,SHOW,2
tm1038363,MOVIE,1
tm244277,MOVIE,1
tm462611,MOVIE,1
ts83489,SHOW,2
tm411503,MOVIE,1
tm524282,MOVIE,1
tm431928,MOVIE,1
tm410742,MOVIE,1
ts75676,SHOW,2
ts58433,SHOW,2
tm370430,MOVIE,1
tm296398,MOVIE,1
tm461159,MOVIE,1
tm849022,MOVIE,1
tm363878,MOVIE,1
ts83554,SHOW,2
ts84977,SHOW,2
tm362074,MOVIE,1
ts77563,SHOW,2
tm320255,MOVIE,1
tm332572,MOVIE,1
ts56648,SHOW,2
tm426569,MOVIE,1
tm346390,MOVIE,1
tm315865,MOVIE,1
ts122290,SHOW,2
ts56933,SHOW,2
ts56033,SHOW,2
ts36650,SHOW,2
tm370392,MOVIE,1
tm319127,MOVIE,1
tm326704,MOVIE,1
tm439484,MOVIE,1
tm299730,MOVIE,1
tm320949,MOVIE,1
ts79086,SHOW,2
tm316311,MOVIE,1
tm886283,MOVIE,1
tm319139,MOVIE,1
ts78291,SHOW,2
ts82565,SHOW,2
tm943790,MOVIE,1
tm838876,MOVIE,1
ts80042,SHOW,2
tm411288,MOVIE,1
tm221225,MOVIE,1
tm863351,MOVIE,1
tm324753,MOVIE,1
tm363103,MOVIE,1
tm406098,MOVIE,1
tm362047,MOVIE,1
tm362264,MOVIE,1
tm211554,MOVIE,1
tm407714,MOVIE,1
ts57281,SHOW,2
ts82564,SHOW,2
tm454156,MOVIE,1
ts78590,SHOW,2
ts121489,SHOW,2
tm983784,MOVIE,1
tm193211,MOVIE,1
ts74816,SHOW,2
tm320727,MOVIE,1
tm1082974,MOVIE,1
tm480647,MOVIE,1
tm346398,MOVIE,1
tm346867,MOVIE,1
tm372318,MOVIE,1
tm425884,MOVIE,1
tm322210,MOVIE,1
tm451512,MOVIE,1
ts84904,SHOW,2
tm362881,MOVIE,1
tm322569,MOVIE,1
ts80035,SHOW,2
ts57213,SHOW,2
ts217891,SHOW,2
tm375962,MOVIE,1
tm366972,MOVIE,1
tm372917,MOVIE,1
ts78507,SHOW,2
ts57291,SHOW,2
ts55232,SHOW,2
tm409456,MOVIE,1
tm157062,MOVIE,1
tm998188,MOVIE,1
ts89014,SHOW,2
ts57985,SHOW,2
ts98252,SHOW,2
tm436266,MOVIE,1
tm364769,MOVIE,1
tm323195,MOVIE,1
tm404569,MOVIE,1
tm361633,MOVIE,1
ts121176,SHOW,2
ts98316,SHOW,2
tm362098,MOVIE,1
ts88394,SHOW,2
ts121189,SHOW,2
ts74928,SHOW,2
ts98340,SHOW,2
ts52950,SHOW,2
tm414676,MOVIE,1
tm414220,MOVIE,1
tm368241,MOVIE,1
ts98353,SHOW,2
tm282988,MOVIE,1
ts98110,SHOW,2
ts56038,SHOW,2
ts74931,SHOW,2
tm353875,MOVIE,1
tm950444,MOVIE,1
ts81858,SHOW,2
tm327708,MOVIE,1
ts54010,SHOW,2
ts84056,SHOW,2
ts79182,SHOW,2
tm452767,MOVIE,1
tm368040,MOVIE,1
tm352243,MOVIE,1
ts80410,SHOW,2
tm429186,MOVIE,1
tm324124,MOVIE,1
tm414887,MOVIE,1
ts79422,SHOW,2
tm438502,MOVIE,1
tm419733,MOVIE,1
tm352863,MOVIE,1
tm244041,MOVIE,1
tm358949,MOVIE,1
tm897466,MOVIE,1
tm320670,MOVIE,1
tm361312,MOVIE,1
tm283581,MOVIE,1
tm324806,MOVIE,1
ts57913,SHOW,2
tm353046,MOVIE,1
tm1030241,MOVIE,1
tm328175,MOVIE,1
tm300440,MOVIE,1
ts54112,SHOW,2
ts82327,SHOW,2
ts76382,SHOW,2
tm332071,MOVIE,1
ts86946,SHOW,2
tm324588,MOVIE,1
ts83213,SHOW,2
ts81632,SHOW,2
ts77525,SHOW,2
tm353627,MOVIE,1
tm430660,MOVIE,1
tm325610,MOVIE,1
ts84341,SHOW,2
tm363329,MOVIE,1
ts76869,SHOW,2
ts78080,SHOW,2
tm518467,MOVIE,1
ts76540,SHOW,2
tm1045741,MOVIE,1
ts89251,SHOW,2
tm246330,MOVIE,1
tm344995,MOVIE,1
ts77474,SHOW,2
ts75138,SHOW,2
ts58442,SHOW,2
tm376421,MOVIE,1
ts76753,SHOW,2
tm456074,MOVIE,1
tm374357,MOVIE,1
tm429174,MOVIE,1
ts77795,SHOW,2
tm426117,MOVIE,1
tm518107,MOVIE,1
tm348191,MOVIE,1
tm327619,MOVIE,1
ts248736,SHOW,2
tm360763,MOVIE,1
ts82860,SHOW,2
ts8614,SHOW,2
ts41114,SHOW,2
ts82475,SHOW,2
ts39465,SHOW,2
ts82582,SHOW,2
ts57814,SHOW,2
tm429208,MOVIE,1
ts77011,SHOW,2
ts78305,SHOW,2
ts82913,SHOW,2
tm327926,MOVIE,1
tm409817,MOVIE,1
ts77014,SHOW,2
tm348919,MOVIE,1
tm427143,MOVIE,1
tm332500,MOVIE,1
ts84328,SHOW,2
ts80208,SHOW,2
tm305112,MOVIE,1
ts56251,SHOW,2
ts84542,SHOW,2
ts86089,SHOW,2
tm337040,MOVIE,1
tm420334,MOVIE,1
ts74959,SHOW,2
ts119220,SHOW,2
ts81885,SHOW,2
tm345960,MOVIE,1
ts90941,SHOW,2
tm327636,MOVIE,1
ts57116,SHOW,2
tm458127,MOVIE,1
ts119730,SHOW,2
tm361770,MOVIE,1
ts75355,SHOW,2
tm458893,MOVIE,1
ts97584,SHOW,2
ts74805,SHOW,2
tm368538,MOVIE,1
ts79988,SHOW,2
tm847805,MOVIE,1
tm349803,MOVIE,1
tm349138,MOVIE,1
ts118696,SHOW,2
tm421776,MOVIE,1
tm313424,MOVIE,1
ts80342,SHOW,2
ts78801,SHOW,2
tm886086,MOVIE,1
tm328052,MOVIE,1
tm349418,MOVIE,1
ts41995,SHOW,2
tm920320,MOVIE,1
tm479933,MOVIE,1
tm366143,MOVIE,1
tm351216,MOVIE,1
tm456667,MOVIE,1
ts82849,SHOW,2
tm420989,MOVIE,1
ts91034,SHOW,2
ts78558,SHOW,2
tm347821,MOVIE,1
ts88469,SHOW,2
ts119087,SHOW,2
tm922407,MOVIE,1
tm1086874,MOVIE,1
tm352033,MOVIE,1
ts75749,SHOW,2
tm348993,MOVIE,1
tm358239,MOVIE,1
tm347530,MOVIE,1
ts75491,SHOW,2
tm347850,MOVIE,1
tm453098,MOVIE,1
tm514257,MOVIE,1
tm514494,MOVIE,1
tm348568,MOVIE,1
ts81734,SHOW,2
ts76956,SHOW,2
tm349529,MOVIE,1
tm348281,MOVIE,1
tm459024,MOVIE,1
ts88312,SHOW,2
tm413266,MOVIE,1
ts75357,SHOW,2
ts78789,SHOW,2
ts76245,SHOW,2
ts79813,SHOW,2
tm348845,MOVIE,1
tm429172,MOVIE,1
ts75750,SHOW,2
tm415875,MOVIE,1
ts75718,SHOW,2
tm351214,MOVIE,1
ts75477,SHOW,2
ts81596,SHOW,2
tm465408,MOVIE,1
tm371212,MOVIE,1
tm348175,MOVIE,1
tm474862,MOVIE,1
tm478147,MOVIE,1
ts84335,SHOW,2
ts84010,SHOW,2
ts88262,SHOW,2
tm460948,MOVIE,1
tm366973,MOVIE,1
tm479734,MOVIE,1
tm376015,MOVIE,1
tm368448,MOVIE,1
tm432327,MOVIE,1
tm353247,MOVIE,1
ts83107,SHOW,2
tm409494,MOVIE,1
ts83970,SHOW,2
ts84833,SHOW,2
ts79856,SHOW,2
tm361505,MOVIE,1
ts82912,SHOW,2
tm351688,MOVIE,1
tm450673,MOVIE,1
ts82398,SHOW,2
ts84645,SHOW,2
tm427465,MOVIE,1
tm227523,MOVIE,1
tm406111,MOVIE,1
ts75772,SHOW,2
tm325325,MOVIE,1
tm464351,MOVIE,1
tm361998,MOVIE,1
tm995893,MOVIE,1
tm367065,MOVIE,1
tm408892,MOVIE,1
tm1111987,MOVIE,1
tm359103,MOVIE,1
tm350971,MOVIE,1
ts70631,SHOW,2
tm367613,MOVIE,1
ts82419,SHOW,2
tm824477,MOVIE,1
ts81036,SHOW,2
tm359150,MOVIE,1
ts78217,SHOW,2
ts80993,SHOW,2
ts81884,SHOW,2
tm353791,MOVIE,1
tm512751,MOVIE,1
tm450832,MOVIE,1
tm352951,MOVIE,1
ts78031,SHOW,2
ts76511,SHOW,2
tm473502,MOVIE,1
tm354136,MOVIE,1
ts86497,SHOW,2
ts76486,SHOW,2
tm371380,MOVIE,1
tm463217,MOVIE,1
tm408871,MOVIE,1
tm409376,MOVIE,1
ts35426,SHOW,2
tm407775,MOVIE,1
tm449195,MOVIE,1
tm351181,MOVIE,1
tm351171,MOVIE,1
tm349273,MOVIE,1
tm412489,MOVIE,1
ts77852,SHOW,2
tm352705,MOVIE,1
tm817504,MOVIE,1
tm893480,MOVIE,1
ts86908,SHOW,2
tm849003,MOVIE,1
tm511940,MOVIE,1
tm511991,MOVIE,1
tm889629,MOVIE,1
ts80856,SHOW,2
ts76509,SHOW,2
ts79660,SHOW,2
ts76603,SHOW,2
tm372061,MOVIE,1
tm352865,MOVIE,1
tm356666,MOVIE,1
tm403197,MOVIE,1
tm358188,MOVIE,1
tm1022893,MOVIE,1
ts83555,SHOW,2
tm357272,MOVIE,1
tm465427,MOVIE,1
ts80059,SHOW,2
tm370530,MOVIE,1
tm897418,MOVIE,1
tm454879,MOVIE,1
ts77600,SHOW,2
tm423666,MOVIE,1
ts116814,SHOW,2
tm424032,MOVIE,1
tm368284,MOVIE,1
tm430090,MOVIE,1
tm376709,MOVIE,1
tm414746,MOVIE,1
tm416134,MOVIE,1
tm371622,MOVIE,1
tm407318,MOVIE,1
tm423802,MOVIE,1
tm369452,MOVIE,1
tm369210,MOVIE,1
tm408257,MOVIE,1
tm369453,MOVIE,1
tm426367,MOVIE,1
ts225522,SHOW,2
tm367105,MOVIE,1
tm357820,MOVIE,1
ts83455,SHOW,2
tm355724,MOVIE,1
tm439678,MOVIE,1
tm359714,MOVIE,1
tm424888,MOVIE,1
tm430281,MOVIE,1
tm433228,MOVIE,1
tm428483,MOVIE,1
ts79585,SHOW,2
ts76478,SHOW,2
tm416341,MOVIE,1
ts116101,SHOW,2
ts88234,SHOW,2
tm351201,MOVIE,1
ts84243,SHOW,2
tm425698,MOVIE,1
tm358370,MOVIE,1
tm403709,MOVIE,1
tm835414,MOVIE,1
tm375091,MOVIE,1
ts83763,SHOW,2
ts81886,SHOW,2
ts90594,SHOW,2
tm370781,MOVIE,1
ts86994,SHOW,2
ts80617,SHOW,2
ts82851,SHOW,2
tm365670,MOVIE,1
tm358242,MOVIE,1
tm370232,MOVIE,1
tm430057,MOVIE,1
tm368697,MOVIE,1
tm363003,MOVIE,1
tm363488,MOVIE,1
tm360945,MOVIE,1
ts78053,SHOW,2
ts81485,SHOW,2
ts80445,SHOW,2
ts81483,SHOW,2
ts77520,SHOW,2
tm431081,MOVIE,1
tm361161,MOVIE,1
tm919869,MOVIE,1
ts90019,SHOW,2
tm426202,MOVIE,1
tm848995,MOVIE,1
ts85659,SHOW,2
tm363088,MOVIE,1
ts80671,SHOW,2
tm1046932,MOVIE,1
tm1018427,MOVIE,1
tm452867,MOVIE,1
tm358813,MOVIE,1
tm478967,MOVIE,1
ts79234,SHOW,2
ts82372,SHOW,2
ts81331,SHOW,2
tm510525,MOVIE,1
ts77955,SHOW,2
tm369079,MOVIE,1
tm364206,MOVIE,1
tm434008,MOVIE,1
ts82160,SHOW,2
tm368310,MOVIE,1
tm363922,MOVIE,1
ts77799,SHOW,2
ts82915,SHOW,2
ts84200,SHOW,2
ts79229,SHOW,2
tm435916,MOVIE,1
ts87248,SHOW,2
ts77467,SHOW,2
tm372486,MOVIE,1
tm450375,MOVIE,1
ts77545,SHOW,2
ts82739,SHOW,2
tm244310,MOVIE,1
tm369433,MOVIE,1
tm478962,MOVIE,1
ts57196,SHOW,2
tm321149,MOVIE,1
tm859143,MOVIE,1
tm443034,MOVIE,1
ts77518,SHOW,2
ts77787,SHOW,2
ts79926,SHOW,2
tm478701,MOVIE,1
tm442354,MOVIE,1
ts95997,SHOW,2
ts77824,SHOW,2
tm375912,MOVIE,1
tm823355,MOVIE,1
tm405738,MOVIE,1
tm371882,MOVIE,1
tm362878,MOVIE,1
tm911973,MOVIE,1
tm372969,MOVIE,1
tm336084,MOVIE,1
tm368441,MOVIE,1
tm405637,MOVIE,1
tm351505,MOVIE,1
tm366383,MOVIE,1
ts54028,SHOW,2
ts78382,SHOW,2
ts95855,SHOW,2
ts85660,SHOW,2
tm446480,MOVIE,1
ts77957,SHOW,2
ts78353,SHOW,2
ts78206,SHOW,2
ts81856,SHOW,2
ts78707,SHOW,2
tm405901,MOVIE,1
ts77783,SHOW,2
ts58367,SHOW,2
tm368006,MOVIE,1
tm478654,MOVIE,1
tm430426,MOVIE,1
ts79045,SHOW,2
ts78099,SHOW,2
ts221904,SHOW,2
tm433381,MOVIE,1
tm372035,MOVIE,1
ts78298,SHOW,2
ts79679,SHOW,2
tm370472,MOVIE,1
tm370628,MOVIE,1
tm375302,MOVIE,1
ts78767,SHOW,2
ts78444,SHOW,2
ts76646,SHOW,2
tm374395,MOVIE,1
ts78145,SHOW,2
ts75887,SHOW,2
tm1127695,MOVIE,1
tm369594,MOVIE,1
tm371741,MOVIE,1
ts77770,SHOW,2
ts114080,SHOW,2
ts79157,SHOW,2
tm370440,MOVIE,1
ts85968,SHOW,2
ts81646,SHOW,2
ts113506,SHOW,2
ts79707,SHOW,2
ts83457,SHOW,2
ts79546,SHOW,2
tm357708,MOVIE,1
ts95569,SHOW,2
tm373873,MOVIE,1
tm855600,MOVIE,1
ts84663,SHOW,2
ts90869,SHOW,2
ts113109,SHOW,2
tm852172,MOVIE,1
tm850404,MOVIE,1
tm370144,MOVIE,1
ts78692,SHOW,2
tm369315,MOVIE,1
tm425748,MOVIE,1
tm371619,MOVIE,1
ts80479,SHOW,2
tm843958,MOVIE,1
tm847623,MOVIE,1
ts113031,SHOW,2
tm374216,MOVIE,1
tm417392,MOVIE,1
ts95572,SHOW,2
tm404856,MOVIE,1
ts31514,SHOW,2
tm452851,MOVIE,1
ts113842,SHOW,2
ts87224,SHOW,2
ts85618,SHOW,2
ts88471,SHOW,2
tm373864,MOVIE,1
ts79219,SHOW,2
tm372891,MOVIE,1
ts81344,SHOW,2
tm235005,MOVIE,1
tm376844,MOVIE,1
ts89315,SHOW,2
ts113748,SHOW,2
tm861000,MOVIE,1
ts80751,SHOW,2
tm949905,MOVIE,1
tm363231,MOVIE,1
ts80523,SHOW,2
ts79026,SHOW,2
ts86978,SHOW,2
tm423315,MOVIE,1
ts89696,SHOW,2
ts113637,SHOW,2
ts80962,SHOW,2
tm440946,MOVIE,1
tm455568,MOVIE,1
tm373452,MOVIE,1
tm408781,MOVIE,1
ts80090,SHOW,2
tm373134,MOVIE,1
ts80600,SHOW,2
tm428506,MOVIE,1
tm433462,MOVIE,1
ts83561,SHOW,2
tm417440,MOVIE,1
ts112733,SHOW,2
tm267429,MOVIE,1
tm416105,MOVIE,1
tm441232,MOVIE,1
tm371188,MOVIE,1
ts79997,SHOW,2
ts85034,SHOW,2
tm375836,MOVIE,1
tm359975,MOVIE,1
ts79330,SHOW,2
tm369389,MOVIE,1
tm452574,MOVIE,1
ts81064,SHOW,2
ts84780,SHOW,2
tm417553,MOVIE,1
tm411358,MOVIE,1
tm376801,MOVIE,1
tm404475,MOVIE,1
tm463806,MOVIE,1
ts85480,SHOW,2
ts95274,SHOW,2
tm423624,MOVIE,1
tm422715,MOVIE,1
tm374226,MOVIE,1
tm448792,MOVIE,1
ts86726,SHOW,2
ts89336,SHOW,2
ts112667,SHOW,2
ts79409,SHOW,2
tm836662,MOVIE,1
tm410748,MOVIE,1
tm428558,MOVIE,1
ts84372,SHOW,2
tm973335,MOVIE,1
tm458328,MOVIE,1
tm349134,MOVIE,1
tm408941,MOVIE,1
ts83745,SHOW,2
tm404828,MOVIE,1
tm915043,MOVIE,1
tm1110150,MOVIE,1
ts83025,SHOW,2
ts85276,SHOW,2
ts80411,SHOW,2
ts89876,SHOW,2
ts79695,SHOW,2
tm413082,MOVIE,1
tm434917,MOVIE,1
tm418847,MOVIE,1
tm458553,MOVIE,1
ts112279,SHOW,2
tm455161,MOVIE,1
tm405849,MOVIE,1
tm408306,MOVIE,1
tm503508,MOVIE,1
tm443186,MOVIE,1
tm420455,MOVIE,1
ts271888,SHOW,2
tm858471,MOVIE,1
ts81526,SHOW,2
ts83359,SHOW,2
ts80313,SHOW,2
tm464557,MOVIE,1
tm407881,MOVIE,1
tm1081074,MOVIE,1
tm418039,MOVIE,1
tm435836,MOVIE,1
ts84661,SHOW,2
tm447755,MOVIE,1
tm139870,MOVIE,1
tm823302,MOVIE,1
tm404449,MOVIE,1
ts81318,SHOW,2
tm406831,MOVIE,1
tm824398,MOVIE,1
tm453994,MOVIE,1
tm1038369,MOVIE,1
tm431169,MOVIE,1
ts83540,SHOW,2
ts85170,SHOW,2
tm863919,MOVIE,1
tm460360,MOVIE,1
ts81583,SHOW,2
tm897170,MOVIE,1
ts58061,SHOW,2
tm407827,MOVIE,1
ts111582,SHOW,2
tm502532,MOVIE,1
tm408104,MOVIE,1
tm438994,MOVIE,1
tm415938,MOVIE,1
tm373471,MOVIE,1
ts80466,SHOW,2
tm411507,MOVIE,1
tm420789,MOVIE,1
tm444564,MOVIE,1
ts85895,SHOW,2
tm445153,MOVIE,1
ts88613,SHOW,2
ts83657,SHOW,2
ts80030,SHOW,2
tm502151,MOVIE,1
tm984155,MOVIE,1
ts82892,SHOW,2
tm423373,MOVIE,1
tm475815,MOVIE,1
ts87008,SHOW,2
tm912100,MOVIE,1
tm317542,MOVIE,1
tm76557,MOVIE,1
tm373655,MOVIE,1
ts111206,SHOW,2
tm444799,MOVIE,1
ts94677,SHOW,2
tm411257,MOVIE,1
tm451171,MOVIE,1
tm411528,MOVIE,1
ts80413,SHOW,2
tm411750,MOVIE,1
tm413557,MOVIE,1
tm440208,MOVIE,1
tm449860,MOVIE,1
tm317850,MOVIE,1
tm411856,MOVIE,1
ts80705,SHOW,2
tm412273,MOVIE,1
tm411467,MOVIE,1
tm453727,MOVIE,1
ts58528,SHOW,2
tm420348,MOVIE,1
tm889647,MOVIE,1
ts85686,SHOW,2
ts110703,SHOW,2
tm441050,MOVIE,1
tm501313,MOVIE,1
ts80709,SHOW,2
tm413169,MOVIE,1
ts81757,SHOW,2
tm501222,MOVIE,1
tm410298,MOVIE,1
ts81007,SHOW,2
ts89881,SHOW,2
ts110637,SHOW,2
ts110635,SHOW,2
ts86413,SHOW,2
ts88296,SHOW,2
tm435520,MOVIE,1
tm477838,MOVIE,1
tm466084,MOVIE,1
ts81120,SHOW,2
ts81294,SHOW,2
ts83251,SHOW,2
tm350945,MOVIE,1
tm430496,MOVIE,1
tm432765,MOVIE,1
tm433048,MOVIE,1
tm500565,MOVIE,1
ts77034,SHOW,2
tm417111,MOVIE,1
tm677746,MOVIE,1
tm413955,MOVIE,1
tm419496,MOVIE,1
tm457410,MOVIE,1
tm454431,MOVIE,1
tm413129,MOVIE,1
tm414447,MOVIE,1
ts84135,SHOW,2
ts76313,SHOW,2
ts84985,SHOW,2
tm834847,MOVIE,1
tm445456,MOVIE,1
tm409942,MOVIE,1
ts88699,SHOW,2
tm420274,MOVIE,1
tm452996,MOVIE,1
tm421161,MOVIE,1
tm418894,MOVIE,1
tm438105,MOVIE,1
ts80692,SHOW,2
tm847008,MOVIE,1
ts90645,SHOW,2
tm425138,MOVIE,1
tm459742,MOVIE,1
ts83204,SHOW,2
tm421748,MOVIE,1
tm446558,MOVIE,1
ts81857,SHOW,2
ts82887,SHOW,2
ts84799,SHOW,2
tm458186,MOVIE,1
ts82323,SHOW,2
ts82631,SHOW,2
tm369456,MOVIE,1
tm845489,MOVIE,1
ts87986,SHOW,2
tm459527,MOVIE,1
tm838687,MOVIE,1
tm407730,MOVIE,1
tm416121,MOVIE,1
tm432838,MOVIE,1
ts89130,SHOW,2
tm375729,MOVIE,1
tm992260,MOVIE,1
tm889679,MOVIE,1
ts321758,SHOW,2
tm458585,MOVIE,1
ts80084,SHOW,2
tm450512,MOVIE,1
tm475339,MOVIE,1
ts88608,SHOW,2
tm465864,MOVIE,1
ts41883,SHOW,2
tm447439,MOVIE,1
tm367008,MOVIE,1
ts286632,SHOW,2
tm499724,MOVIE,1
tm1000147,MOVIE,1
ts83502,SHOW,2
tm462277,MOVIE,1
ts83407,SHOW,2
ts81821,SHOW,2
ts82127,SHOW,2
tm430748,MOVIE,1
tm419595,MOVIE,1
ts85619,SHOW,2
tm849004,MOVIE,1
tm350116,MOVIE,1
tm420311,MOVIE,1
ts85810,SHOW,2
ts82296,SHOW,2
tm424162,MOVIE,1
tm371952,MOVIE,1
ts82500,SHOW,2
ts58068,SHOW,2
tm426238,MOVIE,1
ts84346,SHOW,2
tm372610,MOVIE,1
tm421560,MOVIE,1
tm460198,MOVIE,1
tm983723,MOVIE,1
ts4924,SHOW,2
tm814734,MOVIE,1
tm499045,MOVIE,1
ts82424,SHOW,2
tm421335,MOVIE,1
tm440255,MOVIE,1
tm927480,MOVIE,1
tm1004011,MOVIE,1
tm1146751,MOVIE,1
tm498803,MOVIE,1
tm845437,MOVIE,1
ts89067,SHOW,2
ts88283,SHOW,2
tm432022,MOVIE,1
ts93981,SHOW,2
tm431349,MOVIE,1
tm444043,MOVIE,1
ts93947,SHOW,2
tm445255,MOVIE,1
tm417488,MOVIE,1
tm446424,MOVIE,1
tm426260,MOVIE,1
ts90596,SHOW,2
ts82228,SHOW,2
tm918962,MOVIE,1
tm451548,MOVIE,1
ts81918,SHOW,2
ts108593,SHOW,2
ts86940,SHOW,2
ts88151,SHOW,2
tm471288,MOVIE,1
ts81944,SHOW,2
tm431321,MOVIE,1
ts82597,SHOW,2
ts251067,SHOW,2
ts108621,SHOW,2
ts81414,SHOW,2
ts89282,SHOW,2
ts84644,SHOW,2
ts82181,SHOW,2
ts82550,SHOW,2
tm423761,MOVIE,1
ts82705,SHOW,2
ts82361,SHOW,2
tm498034,MOVIE,1
tm824331,MOVIE,1
tm438995,MOVIE,1
ts82526,SHOW,2
tm445735,MOVIE,1
tm452440,MOVIE,1
tm498444,MOVIE,1
tm979026,MOVIE,1
tm946360,MOVIE,1
tm444469,MOVIE,1
ts82560,SHOW,2
tm425944,MOVIE,1
tm470560,MOVIE,1
ts83070,SHOW,2
tm472195,MOVIE,1
ts216679,SHOW,2
ts108385,SHOW,2
tm946927,MOVIE,1
ts108392,SHOW,2
tm465724,MOVIE,1
tm1198745,MOVIE,1
tm922429,MOVIE,1
ts82559,SHOW,2
tm908128,MOVIE,1
tm828318,MOVIE,1
tm464509,MOVIE,1
ts82875,SHOW,2
tm442805,MOVIE,1
tm455410,MOVIE,1
tm454375,MOVIE,1
ts89958,SHOW,2
tm430666,MOVIE,1
ts83430,SHOW,2
ts86279,SHOW,2
tm414962,MOVIE,1
tm430059,MOVIE,1
tm313712,MOVIE,1
ts224072,SHOW,2
ts84574,SHOW,2
ts82843,SHOW,2
ts83247,SHOW,2
tm444821,MOVIE,1
ts86165,SHOW,2
tm427335,MOVIE,1
tm496648,MOVIE,1
ts107963,SHOW,2
tm443537,MOVIE,1
tm983787,MOVIE,1
tm429377,MOVIE,1
ts108042,SHOW,2
ts90729,SHOW,2
ts84633,SHOW,2
ts80859,SHOW,2
ts83071,SHOW,2
tm431810,MOVIE,1
ts82867,SHOW,2
ts83360,SHOW,2
ts83790,SHOW,2
tm421125,MOVIE,1
tm430171,MOVIE,1
tm422359,MOVIE,1
ts85175,SHOW,2
ts93611,SHOW,2
tm456983,MOVIE,1
ts107543,SHOW,2
tm433215,MOVIE,1
ts77219,SHOW,2
tm313748,MOVIE,1
tm423140,MOVIE,1
tm428597,MOVIE,1
tm430120,MOVIE,1
tm918734,MOVIE,1
tm494577,MOVIE,1
tm459789,MOVIE,1
tm445258,MOVIE,1
tm477403,MOVIE,1
tm459329,MOVIE,1
ts83232,SHOW,2
tm451078,MOVIE,1
tm494288,MOVIE,1
tm428877,MOVIE,1
ts321277,SHOW,2
ts83491,SHOW,2
tm444576,MOVIE,1
tm469008,MOVIE,1
tm430104,MOVIE,1
ts83820,SHOW,2
tm494190,MOVIE,1
ts84179,SHOW,2
ts288195,SHOW,2
ts107658,SHOW,2
ts107724,SHOW,2
ts83082,SHOW,2
tm845117,MOVIE,1
ts84484,SHOW,2
tm1063013,MOVIE,1
ts86067,SHOW,2
ts83814,SHOW,2
tm451852,MOVIE,1
ts84533,SHOW,2
ts83663,SHOW,2
ts83710,SHOW,2
ts83925,SHOW,2
ts83906,SHOW,2
ts80057,SHOW,2
ts84038,SHOW,2
tm434179,MOVIE,1
tm471968,MOVIE,1
tm423593,MOVIE,1
ts83429,SHOW,2
tm426634,MOVIE,1
tm430106,MOVIE,1
tm848996,MOVIE,1
tm493511,MOVIE,1
tm493556,MOVIE,1
tm949382,MOVIE,1
tm990835,MOVIE,1
tm460815,MOVIE,1
ts106612,SHOW,2
ts84932,SHOW,2
ts93482,SHOW,2
tm495609,MOVIE,1
ts86296,SHOW,2
ts83537,SHOW,2
tm426983,MOVIE,1
tm845496,MOVIE,1
ts89564,SHOW,2
ts84167,SHOW,2
tm496322,MOVIE,1
tm822832,MOVIE,1
tm431347,MOVIE,1
tm460124,MOVIE,1
tm441198,MOVIE,1
tm368699,MOVIE,1
tm475254,MOVIE,1
tm450462,MOVIE,1
ts85217,SHOW,2
tm1000619,MOVIE,1
ts89747,SHOW,2
ts85183,SHOW,2
ts84146,SHOW,2
ts82218,SHOW,2
tm849131,MOVIE,1
ts82445,SHOW,2
tm882606,MOVIE,1
tm831196,MOVIE,1
tm931686,MOVIE,1
tm494731,MOVIE,1
tm461827,MOVIE,1
tm494847,MOVIE,1
tm455197,MOVIE,1
ts85451,SHOW,2
tm494531,MOVIE,1
tm912190,MOVIE,1
ts84280,SHOW,2
ts89048,SHOW,2
ts218803,SHOW,2
tm464542,MOVIE,1
ts88578,SHOW,2
tm1036270,MOVIE,1
tm851862,MOVIE,1
tm493175,MOVIE,1
tm827638,MOVIE,1
tm434676,MOVIE,1
tm458467,MOVIE,1
tm474548,MOVIE,1
tm493814,MOVIE,1
tm437608,MOVIE,1
tm462311,MOVIE,1
tm434126,MOVIE,1
ts84129,SHOW,2
tm435487,MOVIE,1
tm457856,MOVIE,1
tm464527,MOVIE,1
tm470378,MOVIE,1
tm473647,MOVIE,1
ts90280,SHOW,2
ts84597,SHOW,2
ts106141,SHOW,2
tm244134,MOVIE,1
ts106126,SHOW,2
tm885845,MOVIE,1
tm450262,MOVIE,1
tm460411,MOVIE,1
ts106015,SHOW,2
ts89210,SHOW,2
tm438005,MOVIE,1
tm434776,MOVIE,1
tm434727,MOVIE,1
tm818502,MOVIE,1
tm431760,MOVIE,1
tm817709,MOVIE,1
ts93066,SHOW,2
ts287352,SHOW,2
ts106536,SHOW,2
tm438423,MOVIE,1
ts83045,SHOW,2
tm437631,MOVIE,1
ts84779,SHOW,2
ts84782,SHOW,2
ts85126,SHOW,2
ts309731,SHOW,2
ts89840,SHOW,2
ts237107,SHOW,2
ts86814,SHOW,2
tm450769,MOVIE,1
tm436704,MOVIE,1
tm374845,MOVIE,1
tm449594,MOVIE,1
tm492277,MOVIE,1
ts87488,SHOW,2
tm845549,MOVIE,1
tm436470,MOVIE,1
tm452929,MOVIE,1
tm1080083,MOVIE,1
ts105825,SHOW,2
ts105441,SHOW,2
tm477006,MOVIE,1
tm973704,MOVIE,1
tm818499,MOVIE,1
ts84586,SHOW,2
tm437159,MOVIE,1
ts86744,SHOW,2
ts93054,SHOW,2
tm443993,MOVIE,1
tm925490,MOVIE,1
tm491499,MOVIE,1
ts91124,SHOW,2
ts55532,SHOW,2
tm476960,MOVIE,1
tm463038,MOVIE,1
ts105047,SHOW,2
ts85837,SHOW,2
ts306187,SHOW,2
tm438250,MOVIE,1
tm476959,MOVIE,1
ts105542,SHOW,2
ts95011,SHOW,2
ts88379,SHOW,2
ts105601,SHOW,2
ts105589,SHOW,2
ts255779,SHOW,2
tm475501,MOVIE,1
ts105645,SHOW,2
ts225061,SHOW,2
ts105608,SHOW,2
tm855839,MOVIE,1
ts84930,SHOW,2
tm440996,MOVIE,1
tm492043,MOVIE,1
ts249891,SHOW,2
tm996479,MOVIE,1
tm460199,MOVIE,1
tm816432,MOVIE,1
tm838007,MOVIE,1
tm366025,MOVIE,1
ts82583,SHOW,2
ts105192,SHOW,2
ts104840,SHOW,2
ts246073,SHOW,2
ts246072,SHOW,2
ts89744,SHOW,2
ts86949,SHOW,2
tm938793,MOVIE,1
tm440324,MOVIE,1
tm476922,MOVIE,1
tm933375,MOVIE,1
ts90508,SHOW,2
tm443283,MOVIE,1
ts85202,SHOW,2
ts85250,SHOW,2
ts85967,SHOW,2
tm858869,MOVIE,1
tm897732,MOVIE,1
tm467116,MOVIE,1
tm1000037,MOVIE,1
tm472766,MOVIE,1
tm474061,MOVIE,1
tm34391,MOVIE,1
ts82592,SHOW,2
tm441915,MOVIE,1
tm458074,MOVIE,1
tm246870,MOVIE,1
tm326270,MOVIE,1
tm450698,MOVIE,1
tm441060,MOVIE,1
ts92547,SHOW,2
tm445852,MOVIE,1
ts104362,SHOW,2
ts84646,SHOW,2
ts104401,SHOW,2
tm827501,MOVIE,1
ts85398,SHOW,2
tm449590,MOVIE,1
tm413049,MOVIE,1
tm490222,MOVIE,1
tm952590,MOVIE,1
ts86928,SHOW,2
ts92726,SHOW,2
tm446104,MOVIE,1
tm454096,MOVIE,1
tm468200,MOVIE,1
ts85510,SHOW,2
ts104168,SHOW,2
ts256310,SHOW,2
tm435295,MOVIE,1
ts104449,SHOW,2
tm931158,MOVIE,1
tm850723,MOVIE,1
ts287328,SHOW,2
ts104499,SHOW,2
ts104483,SHOW,2
ts104485,SHOW,2
ts104507,SHOW,2
ts104516,SHOW,2
tm447261,MOVIE,1
tm447514,MOVIE,1
ts104093,SHOW,2
ts86682,SHOW,2
tm445899,MOVIE,1
ts87194,SHOW,2
ts86164,SHOW,2
ts92825,SHOW,2
ts89069,SHOW,2
ts103935,SHOW,2
ts89340,SHOW,2
ts103918,SHOW,2
ts103890,SHOW,2
ts87466,SHOW,2
tm1033635,MOVIE,1
tm837690,MOVIE,1
tm857430,MOVIE,1
ts284800,SHOW,2
ts86365,SHOW,2
ts87473,SHOW,2
tm446987,MOVIE,1
tm446176,MOVIE,1
tm459512,MOVIE,1
tm448767,MOVIE,1
tm446625,MOVIE,1
tm446609,MOVIE,1
ts103702,SHOW,2
ts92405,SHOW,2
tm451269,MOVIE,1
ts88721,SHOW,2
tm823459,MOVIE,1
tm452237,MOVIE,1
ts103638,SHOW,2
tm935309,MOVIE,1
tm450129,MOVIE,1
tm472999,MOVIE,1
ts103574,SHOW,2
ts89028,SHOW,2
tm548602,MOVIE,1
tm447328,MOVIE,1
tm312767,MOVIE,1
tm447788,MOVIE,1
ts89538,SHOW,2
ts286390,SHOW,2
tm814671,MOVIE,1
tm986168,MOVIE,1
ts243036,SHOW,2
ts87364,SHOW,2
tm436171,MOVIE,1
tm440678,MOVIE,1
ts87489,SHOW,2
tm452573,MOVIE,1
ts103213,SHOW,2
tm448122,MOVIE,1
ts90621,SHOW,2
ts86945,SHOW,2
tm834886,MOVIE,1
ts103133,SHOW,2
tm810873,MOVIE,1
ts103360,SHOW,2
ts103329,SHOW,2
tm488551,MOVIE,1
ts86927,SHOW,2
tm1087160,MOVIE,1
tm447520,MOVIE,1
ts102933,SHOW,2
tm449070,MOVIE,1
ts87369,SHOW,2
ts55365,SHOW,2
tm301024,MOVIE,1
ts84639,SHOW,2
tm454338,MOVIE,1
ts88783,SHOW,2
tm466544,MOVIE,1
tm476708,MOVIE,1
tm411649,MOVIE,1
tm844250,MOVIE,1
tm451584,MOVIE,1
ts86302,SHOW,2
ts38812,SHOW,2
tm452578,MOVIE,1
ts87043,SHOW,2
ts88361,SHOW,2
tm466954,MOVIE,1
tm470597,MOVIE,1
tm476593,MOVIE,1
tm453099,MOVIE,1
ts223986,SHOW,2
ts236388,SHOW,2
ts226403,SHOW,2
ts91990,SHOW,2
ts87698,SHOW,2
tm452900,MOVIE,1
ts87680,SHOW,2
tm454464,MOVIE,1
tm476570,MOVIE,1
ts87453,SHOW,2
tm850382,MOVIE,1
tm886464,MOVIE,1
tm356684,MOVIE,1
tm925486,MOVIE,1
tm471922,MOVIE,1
ts90413,SHOW,2
ts101874,SHOW,2
ts101883,SHOW,2
ts281928,SHOW,2
tm836638,MOVIE,1
tm454861,MOVIE,1
tm455715,MOVIE,1
tm464947,MOVIE,1
ts88336,SHOW,2
ts88146,SHOW,2
ts88552,SHOW,2
tm948916,MOVIE,1
tm1048678,MOVIE,1
tm925858,MOVIE,1
tm455981,MOVIE,1
tm826368,MOVIE,1
tm468811,MOVIE,1
tm484989,MOVIE,1
tm476496,MOVIE,1
ts88909,SHOW,2
tm470240,MOVIE,1
tm456436,MOVIE,1
ts224796,SHOW,2
tm435327,MOVIE,1
tm485801,MOVIE,1
ts102086,SHOW,2
ts224901,SHOW,2
ts90880,SHOW,2
tm824160,MOVIE,1
ts88166,SHOW,2
ts88271,SHOW,2
ts101503,SHOW,2
tm931701,MOVIE,1
ts317497,SHOW,2
ts101408,SHOW,2
ts91741,SHOW,2
ts89361,SHOW,2
ts236501,SHOW,2
tm954543,MOVIE,1
tm350159,MOVIE,1
tm814652,MOVIE,1
tm1046264,MOVIE,1
ts87320,SHOW,2
tm462037,MOVIE,1
tm461532,MOVIE,1
tm467848,MOVIE,1
tm435333,MOVIE,1
tm484173,MOVIE,1
tm1067260,MOVIE,1
tm239078,MOVIE,1
tm458721,MOVIE,1
ts101060,SHOW,2
tm843444,MOVIE,1
tm440415,MOVIE,1
tm483997,MOVIE,1
ts101042,SHOW,2
tm925584,MOVIE,1
tm462660,MOVIE,1
tm469991,MOVIE,1
tm849407,MOVIE,1
tm863890,MOVIE,1
tm818588,MOVIE,1
tm1079495,MOVIE,1
ts89583,SHOW,2
tm461829,MOVIE,1
ts88744,SHOW,2
ts88937,SHOW,2
tm462778,MOVIE,1
ts89363,SHOW,2
ts89182,SHOW,2
ts89339,SHOW,2
tm461427,MOVIE,1
tm464212,MOVIE,1
tm483511,MOVIE,1
tm861718,MOVIE,1
tm483190,MOVIE,1
tm483420,MOVIE,1
ts88577,SHOW,2
tm948681,MOVIE,1
ts225912,SHOW,2
tm460829,MOVIE,1
tm817087,MOVIE,1
ts100359,SHOW,2
ts100354,SHOW,2
tm470836,MOVIE,1
tm483103,MOVIE,1
tm824165,MOVIE,1
tm463814,MOVIE,1
tm465231,MOVIE,1
tm936396,MOVIE,1
tm463827,MOVIE,1
tm433087,MOVIE,1
ts53017,SHOW,2
tm483602,MOVIE,1
ts89119,SHOW,2
tm474263,MOVIE,1
ts88133,SHOW,2
tm465513,MOVIE,1
ts82914,SHOW,2
ts56595,SHOW,2
tm834851,MOVIE,1
ts90994,SHOW,2
tm814644,MOVIE,1
ts89075,SHOW,2
ts100116,SHOW,2
tm898262,MOVIE,1
tm1000166,MOVIE,1
tm1019084,MOVIE,1
tm1019822,MOVIE,1
tm1020326,MOVIE,1
tm1022280,MOVIE,1
tm1026231,MOVIE,1
tm1027297,MOVIE,1
tm1028068,MOVIE,1
tm1030071,MOVIE,1
tm1030495,MOVIE,1
tm1030742,MOVIE,1
tm1032950,MOVIE,1
tm1035612,MOVIE,1
tm1036195,MOVIE,1
tm1036542,MOVIE,1
tm1036794,MOVIE,1
tm1039571,MOVIE,1
tm1040959,MOVIE,1
tm1042277,MOVIE,1
tm1044275,MOVIE,1
tm1047429,MOVIE,1
tm1049083,MOVIE,1
tm1068745,MOVIE,1
tm1073233,MOVIE,1
tm1073298,MOVIE,1
tm1073424,MOVIE,1
tm1073433,MOVIE,1
tm1073482,MOVIE,1
tm1073802,MOVIE,1
tm1074617,MOVIE,1
tm1074621,MOVIE,1
tm1074622,MOVIE,1
tm1075596,MOVIE,1
tm1080109,MOVIE,1
tm1080554,MOVIE,1
tm1091823,MOVIE,1
tm1096875,MOVIE,1
tm1106806,MOVIE,1
tm1108171,MOVIE,1
tm1109080,MOVIE,1
tm1111717,MOVIE,1
tm1111920,MOVIE,1
tm1114639,MOVIE,1
tm1118527,MOVIE,1
tm1142517,MOVIE,1
tm1143319,MOVIE,1
tm1147120,MOVIE,1
tm1164320,MOVIE,1
tm1173363,MOVIE,1
tm1173806,MOVIE,1
tm1194608,MOVIE,1
tm1195428,MOVIE,1
tm1196288,MOVIE,1
tm1198504,MOVIE,1
tm1201670,MOVIE,1
tm1202960,MOVIE,1
tm126791,MOVIE,1
tm128073,MOVIE,1
tm132164,MOVIE,1
tm132675,MOVIE,1
tm137379,MOVIE,1
tm139617,MOVIE,1
tm140334,MOVIE,1
tm145690,MOVIE,1
tm165521,MOVIE,1
tm165712,MOVIE,1
tm170395,MOVIE,1
tm176507,MOVIE,1
tm177223,MOVIE,1
tm177376,MOVIE,1
tm178395,MOVIE,1
tm180802,MOVIE,1
tm182534,MOVIE,1
tm186461,MOVIE,1
tm186777,MOVIE,1
tm188894,MOVIE,1
tm195620,MOVIE,1
tm199987,MOVIE,1
tm210754,MOVIE,1
tm215265,MOVIE,1
tm215638,MOVIE,1
tm228657,MOVIE,1
tm229140,MOVIE,1
tm235227,MOVIE,1
tm238681,MOVIE,1
tm238829,MOVIE,1
tm239635,MOVIE,1
tm240007,MOVIE,1
tm242745,MOVIE,1
tm243849,MOVIE,1
tm252245,MOVIE,1
tm255589,MOVIE,1
tm266628,MOVIE,1
tm31290,MOVIE,1
tm313374,MOVIE,1
tm319354,MOVIE,1
tm321563,MOVIE,1
tm323907,MOVIE,1
tm324041,MOVIE,1
tm324042,MOVIE,1
tm325102,MOVIE,1
tm327219,MOVIE,1
tm335263,MOVIE,1
tm340366,MOVIE,1
tm341561,MOVIE,1
tm349140,MOVIE,1
tm349752,MOVIE,1
tm350044,MOVIE,1
tm350887,MOVIE,1
tm352642,MOVIE,1
tm360904,MOVIE,1
tm361743,MOVIE,1
tm362180,MOVIE,1
tm362737,MOVIE,1
tm364417,MOVIE,1
tm364525,MOVIE,1
tm376840,MOVIE,1
tm404610,MOVIE,1
tm404676,MOVIE,1
tm414595,MOVIE,1
tm418157,MOVIE,1
tm41953,MOVIE,1
tm421214,MOVIE,1
tm421611,MOVIE,1
tm422510,MOVIE,1
tm428982,MOVIE,1
tm429383,MOVIE,1
tm429567,MOVIE,1
tm435144,MOVIE,1
tm443073,MOVIE,1
tm444257,MOVIE,1
tm444907,MOVIE,1
tm446206,MOVIE,1
tm447263,MOVIE,1
tm447750,MOVIE,1
tm447915,MOVIE,1
tm448690,MOVIE,1
tm452046,MOVIE,1
tm452962,MOVIE,1
tm456271,MOVIE,1
tm456894,MOVIE,1
tm458034,MOVIE,1
tm458418,MOVIE,1
tm461726,MOVIE,1
tm462903,MOVIE,1
tm463592,MOVIE,1
tm464888,MOVIE,1
tm465984,MOVIE,1
tm467579,MOVIE,1
tm467804,MOVIE,1
tm468724,MOVIE,1
tm470687,MOVIE,1
tm472961,MOVIE,1
tm473601,MOVIE,1
tm474647,MOVIE,1
tm475162,MOVIE,1
tm53625,MOVIE,1
tm53999,MOVIE,1
tm67444,MOVIE,1
tm7135,MOVIE,1
tm72251,MOVIE,1
tm75022,MOVIE,1
tm76428,MOVIE,1
tm78189,MOVIE,1
tm80487,MOVIE,1
tm810357,MOVIE,1
tm810657,MOVIE,1
tm810836,MOVIE,1
tm811691,MOVIE,1
tm823848,MOVIE,1
tm824324,MOVIE,1
tm824858,MOVIE,1
tm826473,MOVIE,1
tm826677,MOVIE,1
tm826875,MOVIE,1
tm826983,MOVIE,1
tm830994,MOVIE,1
tm831125,MOVIE,1
tm833555,MOVIE,1
tm834121,MOVIE,1
tm834230,MOVIE,1
tm835305,MOVIE,1
tm835357,MOVIE,1
tm836438,MOVIE,1
tm837042,MOVIE,1
tm837648,MOVIE,1
tm838869,MOVIE,1
tm838954,MOVIE,1
tm839847,MOVIE,1
tm840152,MOVIE,1
tm840242,MOVIE,1
tm840761,MOVIE,1
tm841410,MOVIE,1
tm842829,MOVIE,1
tm843143,MOVIE,1
tm843222,MOVIE,1
tm84348,MOVIE,1
tm843944,MOVIE,1
tm844236,MOVIE,1
tm844497,MOVIE,1
tm845370,MOVIE,1
tm845512,MOVIE,1
tm845552,MOVIE,1
tm845588,MOVIE,1
tm845850,MOVIE,1
tm846941,MOVIE,1
tm847212,MOVIE,1
tm847430,MOVIE,1
tm847678,MOVIE,1
tm848663,MOVIE,1
tm849251,MOVIE,1
tm849565,MOVIE,1
tm850176,MOVIE,1
tm850730,MOVIE,1
tm850862,MOVIE,1
tm851055,MOVIE,1
tm852185,MOVIE,1
tm852207,MOVIE,1
tm853091,MOVIE,1
tm853396,MOVIE,1
tm853953,MOVIE,1
tm85426,MOVIE,1
tm854278,MOVIE,1
tm854749,MOVIE,1
tm855232,MOVIE,1
tm855535,MOVIE,1
tm856372,MOVIE,1
tm856424,MOVIE,1
tm857805,MOVIE,1
tm857873,MOVIE,1
tm857921,MOVIE,1
tm858001,MOVIE,1
tm858416,MOVIE,1
tm859256,MOVIE,1
tm859424,MOVIE,1
tm860204,MOVIE,1
tm860487,MOVIE,1
tm860965,MOVIE,1
tm863879,MOVIE,1
tm8687,MOVIE,1
tm87909,MOVIE,1
tm881973,MOVIE,1
tm882222,MOVIE,1
tm882875,MOVIE,1
tm883113,MOVIE,1
tm884531,MOVIE,1
tm885364,MOVIE,1
tm885470,MOVIE,1
tm885860,MOVIE,1
tm885938,MOVIE,1
tm887376,MOVIE,1
tm888850,MOVIE,1
tm889018,MOVIE,1
tm889200,MOVIE,1
tm889390,MOVIE,1
tm89054,MOVIE,1
tm890591,MOVIE,1
tm894858,MOVIE,1
tm895839,MOVIE,1
tm896976,MOVIE,1
tm897538,MOVIE,1
tm897771,MOVIE,1
tm898169,MOVIE,1
tm898180,MOVIE,1
tm898759,MOVIE,1
tm902363,MOVIE,1
tm910040,MOVIE,1
tm916008,MOVIE,1
tm917036,MOVIE,1
tm917846,MOVIE,1
tm918701,MOVIE,1
tm918704,MOVIE,1
tm918959,MOVIE,1
tm919210,MOVIE,1
tm920599,MOVIE,1
tm922706,MOVIE,1
tm926004,MOVIE,1
tm932201,MOVIE,1
tm935878,MOVIE,1
tm936519,MOVIE,1
tm938048,MOVIE,1
tm938186,MOVIE,1
tm940835,MOVIE,1
tm941493,MOVIE,1
tm942492,MOVIE,1
tm944561,MOVIE,1
tm945283,MOVIE,1
tm946718,MOVIE,1
tm946846,MOVIE,1
tm950360,MOVIE,1
tm950808,MOVIE,1
tm953122,MOVIE,1
tm971431,MOVIE,1
tm972010,MOVIE,1
tm97793,MOVIE,1
tm977952,MOVIE,1
tm978401,MOVIE,1
tm979073,MOVIE,1
tm979689,MOVIE,1
tm980358,MOVIE,1
tm983091,MOVIE,1
tm98735,MOVIE,1
tm989205,MOVIE,1
tm990740,MOVIE,1
tm993790,MOVIE,1
tm997617,MOVIE,1
tm997728,MOVIE,1
tm998678,MOVIE,1
ts19384,SHOW,2
ts20648,SHOW,2
ts215341,SHOW,2
ts216593,SHOW,2
ts216698,SHOW,2
ts217553,SHOW,2
ts219049,SHOW,2
ts220248,SHOW,2
ts220983,SHOW,2
ts221016,SHOW,2
ts221293,SHOW,2
ts221365,SHOW,2
ts221366,SHOW,2
ts222363,SHOW,2
ts222438,SHOW,2
ts222439,SHOW,2
ts222838,SHOW,2
ts223062,SHOW,2
ts223077,SHOW,2
ts223078,SHOW,2
ts223454,SHOW,2
ts223530,SHOW,2
ts223548,SHOW,2
ts223690,SHOW,2
ts224164,SHOW,2
ts224198,SHOW,2
ts224440,SHOW,2
ts224746,SHOW,2
ts224786,SHOW,2
ts224794,SHOW,2
ts224956,SHOW,2
ts225328,SHOW,2
ts225379,SHOW,2
ts225460,SHOW,2
ts225513,SHOW,2
ts225647,SHOW,2
ts225669,SHOW,2
ts225860,SHOW,2
ts225867,SHOW,2
ts227385,SHOW,2
ts23353,SHOW,2
ts235672,SHOW,2
ts236033,SHOW,2
ts236197,SHOW,2
ts236619,SHOW,2
ts236685,SHOW,2
ts237014,SHOW,2
ts237239,SHOW,2
ts237304,SHOW,2
ts237488,SHOW,2
ts237499,SHOW,2
ts237773,SHOW,2
ts241460,SHOW,2
ts241854,SHOW,2
ts245653,SHOW,2
ts251157,SHOW,2
ts251420,SHOW,2
ts251477,SHOW,2
ts251654,SHOW,2
ts251783,SHOW,2
ts252098,SHOW,2
ts252977,SHOW,2
ts253549,SHOW,2
ts253685,SHOW,2
ts254045,SHOW,2
ts254737,SHOW,2
ts254928,SHOW,2
ts254956,SHOW,2
ts254982,SHOW,2
ts255427,SHOW,2
ts255677,SHOW,2
ts256784,SHOW,2
ts256898,SHOW,2
ts25707,SHOW,2
ts267956,SHOW,2
ts268103,SHOW,2
ts268220,SHOW,2
ts268283,SHOW,2
ts268551,SHOW,2
ts268799,SHOW,2
ts269085,SHOW,2
ts269283,SHOW,2
ts269300,SHOW,2
ts271005,SHOW,2
ts272134,SHOW,2
ts273461,SHOW,2
ts284862,SHOW,2
ts285233,SHOW,2
ts285854,SHOW,2
ts287532,SHOW,2
ts287804,SHOW,2
ts297031,SHOW,2
ts297061,SHOW,2
ts300399,SHOW,2
ts301915,SHOW,2
ts301964,SHOW,2
ts302434,SHOW,2
ts304136,SHOW,2
ts307884,SHOW,2
ts308039,SHOW,2
ts311887,SHOW,2
ts313689,SHOW,2
ts314529,SHOW,2
ts314647,SHOW,2
ts317239,SHOW,2
ts321254,SHOW,2
ts326955,SHOW,2
ts328625,SHOW,2
ts329854,SHOW,2
ts343404,SHOW,2
ts346007,SHOW,2
ts346656,SHOW,2
ts44053,SHOW,2
ts55735,SHOW,2
ts56544,SHOW,2
ts57744,SHOW,2
ts58480,SHOW,2
ts59542,SHOW,2
ts76949,SHOW,2
ts78757,SHOW,2
ts81827,SHOW,2
ts81828,SHOW,2
ts82375,SHOW,2
ts82591,SHOW,2
ts82770,SHOW,2
ts83454,SHOW,2
ts84330,SHOW,2
ts85236,SHOW,2
ts86241,SHOW,2
ts86360,SHOW,2
ts89531,SHOW,2
ts90448,SHOW,2
ts90568,SHOW,2
ts90643,SHOW,2
ts90648,SHOW,2
ts91125,SHOW,2
